frequency_hz,mean_distortion_db,median_distortion_db
0.0,1.3515053,1.177995
31.25,0.71472543,0.61303985
62.5,0.73060477,0.6527498
93.75,0.75214547,0.64572906
125.0,0.7178854,0.6347976
156.25,0.6970182,0.6196419
187.5,0.6965735,0.6355969
218.75,0.6913889,0.63279706
250.0,0.7245216,0.671599
281.25,0.73538953,0.6702263
312.5,0.7531043,0.68412745
343.75,0.75192636,0.696536
375.0,0.75236493,0.7063451
406.25,0.7512,0.6901547
437.5,0.7617223,0.7141948
468.75,0.76097757,0.71322
500.0,0.7820151,0.7354574
531.25,0.80176574,0.77215946
562.5,0.80688226,0.7615496
593.75,0.8321179,0.79300797
625.0,0.84931445,0.794334
656.25,0.8559244,0.8195548
687.5,0.8762485,0.81953406
718.75,0.9105719,0.87805676
750.0,0.93805903,0.89299655
781.25,0.9303392,0.87221056
812.5,0.95457184,0.91004467
843.75,0.9787369,0.9315866
875.0,0.9650303,0.9290133
906.25,0.9859917,0.9381328
937.5,0.9952207,0.94024646
968.75,1.0081868,0.97357357
1000.0,1.0354943,1.0058813
1031.25,1.062331,1.0253832
1062.5,1.0876154,1.032157
1093.75,1.1009281,1.0474614
1125.0,1.1097195,1.0780001
1156.25,1.1261392,1.0833883
1187.5,1.1330296,1.1233003
1218.75,1.1385331,1.080807
1250.0,1.1530447,1.0746526
1281.25,1.1609738,1.137723
1312.5,1.1750242,1.1237013
1343.75,1.1855869,1.142231
1375.0,1.1746503,1.1445029
1406.25,1.1575558,1.131315
1437.5,1.1779191,1.1347432
1468.75,1.1648375,1.1138864
1500.0,1.1492611,1.1140997
1531.25,1.136006,1.0765274
1562.5,1.1464684,1.1241367
1593.75,1.1717467,1.1365738
1625.0,1.1633253,1.1432915
1656.25,1.1678699,1.1341865
1687.5,1.1779214,1.1394343
1718.75,1.1774048,1.1409793
1750.0,1.1934537,1.158963
1781.25,1.1795015,1.1364435
1812.5,1.1905775,1.1622525
1843.75,1.1916685,1.1631663
1875.0,1.2051895,1.1587635
1906.25,1.2051795,1.1626601
1937.5,1.2207575,1.1922982
1968.75,1.2519096,1.2275653
2000.0,1.2647963,1.2338741
2031.25,1.2710812,1.2639751
2062.5,1.2996694,1.283111
2093.75,1.3051993,1.2712038
2125.0,1.3027425,1.2792153
2156.25,1.2985054,1.2754354
2187.5,1.3188361,1.284945
2218.75,1.3289436,1.2974381
2250.0,1.3308907,1.2808976
2281.25,1.3329128,1.2985849
2312.5,1.3577489,1.3192132
2343.75,1.3678868,1.3472855
2375.0,1.3532311,1.3344584
2406.25,1.347081,1.3171296
2437.5,1.3410372,1.3205547
2468.75,1.3334479,1.3246201
2500.0,1.320299,1.2910023
2531.25,1.3301728,1.2938926
2562.5,1.3200896,1.2897189
2593.75,1.3068947,1.2864397
2625.0,1.3258615,1.3226837
2656.25,1.3306603,1.3248174
2687.5,1.3314908,1.3193336
2718.75,1.3718814,1.3655982
2750.0,1.3732473,1.3435035
2781.25,1.3760552,1.3579886
2812.5,1.3871474,1.34974
2843.75,1.4026452,1.3677086
2875.0,1.4034059,1.3632958
2906.25,1.4071869,1.3810061
2937.5,1.4210827,1.3503177
2968.75,1.4166204,1.3414375
3000.0,1.4237185,1.3940897
3031.25,1.4537395,1.408443
3062.5,1.4681865,1.4456909
3093.75,1.4855744,1.4489405
3125.0,1.4871941,1.4362586
3156.25,1.4875575,1.4728607
3187.5,1.498359,1.4678034
3218.75,1.514233,1.4618177
3250.0,1.5223727,1.4868602
3281.25,1.5143309,1.4852684
3312.5,1.5309012,1.5021003
3343.75,1.5259813,1.5083048
3375.0,1.5253253,1.4882524
3406.25,1.5462418,1.4743686
3437.5,1.5442345,1.4783252
3468.75,1.5408183,1.4938077
3500.0,1.5494728,1.4500506
3531.25,1.5350994,1.4579101
3562.5,1.5421737,1.4410943
3593.75,1.5547357,1.4584482
3625.0,1.5602791,1.4433259
3656.25,1.5690304,1.4918667
3687.5,1.5581404,1.472347
3718.75,1.5620759,1.4736441
3750.0,1.5785189,1.4887114
3781.25,1.6124597,1.4840233
3812.5,1.6153711,1.5513484
3843.75,1.6243764,1.5937262
3875.0,1.6388564,1.6114192
3906.25,1.6357254,1.6099432
3937.5,1.6456518,1.5904665
3968.75,1.6546702,1.635649
4000.0,1.6323304,1.6108135
4031.25,1.6468022,1.623112
4062.5,1.6694655,1.6395681
4093.75,1.6898006,1.7281263
4125.0,1.688518,1.674736
4156.25,1.719362,1.6950083
4187.5,1.7424414,1.7225748
4218.75,1.7705532,1.7287376
4250.0,1.7868636,1.7256352
4281.25,1.81176,1.778764
4312.5,1.8440604,1.8381468
4343.75,1.8609674,1.8255203
4375.0,1.8853954,1.8801105
4406.25,1.8918811,1.844244
4437.5,1.9061154,1.8850684
4468.75,1.9177364,1.883003
4500.0,1.9771489,1.9446452
4531.25,2.030628,1.9466658
4562.5,2.039385,1.9886136
4593.75,2.0494926,1.9366672
4625.0,2.0763052,1.9485991
4656.25,2.071316,2.0225866
4687.5,2.0098743,1.9385365
4718.75,1.9949334,1.9317816
4750.0,2.0046275,1.9371781
4781.25,2.01799,1.9753551
4812.5,2.0452929,1.9508469
4843.75,2.0705502,2.0238876
4875.0,2.0574033,2.0196378
4906.25,2.0631132,2.0023572
4937.5,2.0932777,2.1112163
4968.75,2.0901008,2.0494108
5000.0,2.118596,2.0672493
5031.25,2.1745715,2.1429121
5062.5,2.1922333,2.236792
5093.75,2.1820908,2.1331968
5125.0,2.2257135,2.195674
5156.25,2.2447982,2.281057
5187.5,2.2675986,2.3144128
5218.75,2.2573113,2.3089414
5250.0,2.3064294,2.29099
5281.25,2.3508942,2.3645296
5312.5,2.3724003,2.285553
5343.75,2.42278,2.339454
5375.0,2.4706879,2.3684113
5406.25,2.5040636,2.4152637
5437.5,2.499431,2.3823783
5468.75,2.4816215,2.3668017
5500.0,2.4620707,2.386429
5531.25,2.4219718,2.346179
5562.5,2.4221475,2.3074036
5593.75,2.412357,2.2993276
5625.0,2.4513571,2.2651513
5656.25,2.46455,2.264161
5687.5,2.5000632,2.3374941
5718.75,2.5386348,2.3106947
5750.0,2.5553327,2.3462136
5781.25,2.5676649,2.3080933
5812.5,2.574731,2.3810277
5843.75,2.603343,2.4039612
5875.0,2.6403232,2.4352398
5906.25,2.622395,2.369551
5937.5,2.6351218,2.3978996
5968.75,2.647515,2.3914351
6000.0,2.6482115,2.425778
6031.25,2.6564887,2.409686
6062.5,2.7123754,2.4268372
6093.75,2.711757,2.4267347
6125.0,2.713928,2.4681196
6156.25,2.7162662,2.47788
6187.5,2.7028608,2.417883
6218.75,2.682029,2.3839126
6250.0,2.7085233,2.4187741
6281.25,2.705902,2.453579
6312.5,2.676542,2.3716407
6343.75,2.6815631,2.392723
6375.0,2.6994464,2.4008236
6406.25,2.5946054,2.3933864
6437.5,2.510288,2.3816495
6468.75,2.4608471,2.3367782
6500.0,2.4197052,2.3159518
6531.25,2.4020684,2.277474
6562.5,2.4301891,2.3384438
6593.75,2.4550953,2.3462996
6625.0,2.473087,2.3419242
6656.25,2.484853,2.4004703
6687.5,2.4804335,2.3516345
6718.75,2.5196989,2.3853378
6750.0,2.529636,2.4123797
6781.25,2.6022375,2.4446054
6812.5,2.6425614,2.4482546
6843.75,2.647139,2.4621348
6875.0,2.715773,2.483363
6906.25,2.7437093,2.4418373
6937.5,2.8060894,2.5040326
6968.75,2.8475523,2.4498796
7000.0,2.8914523,2.476671
7031.25,2.9396338,2.512558
7062.5,3.0101016,2.5080192
7093.75,3.0601425,2.5173292
7125.0,3.1085775,2.5729454
7156.25,3.2252634,2.6481352
7187.5,3.5619478,2.914925
7218.75,4.772153,4.138962
7250.0,7.3745184,6.7059555
7281.25,12.810958,12.239263
7312.5,22.14558,21.939749
7343.75,29.73924,29.725798
7375.0,38.518734,38.74904
7406.25,46.025845,46.487206
7437.5,50.244804,50.864716
7468.75,53.164284,54.05234
7500.0,55.616978,56.54384
7531.25,57.94605,58.993492
7562.5,59.608143,60.766674
7593.75,60.488758,61.71994
7625.0,60.89491,62.239765
7656.25,61.54046,63.11725
7687.5,62.004574,63.447075
7718.75,62.47274,63.675777
7750.0,63.42095,64.66521
7781.25,64.00793,65.34761
7812.5,64.405365,66.35081
7843.75,64.48068,66.66642
7875.0,64.20277,66.21385
7906.25,64.5627,66.067535
7937.5,64.70877,66.53807
7968.75,64.74119,66.48879
8000.0,65.16404,67.255936
