dataset,codec,bitrate,corpus_delta_wer_pp,lsd_db,spectral_distortion,bandwidth_loss_hz,hf_power_loss_db,sdrift_conv,sdrift_layer_1,sdrift_layer_2,sdrift_layer_3,sdrift_layer_4,sdrift_layer_5,sdrift_layer_6,sdrift_layer_7,sdrift_layer_8,sdrift_layer_9,sdrift_layer_10,sdrift_layer_11,sdrift_layer_12
test-clean,mp3,128k,-0.01966955153422502,3.5382590330839157,23.59462327903509,707.6875,0.9054338349148459,0.010485570048000001,0.009595799404000002,0.009152948038000003,0.008334114271999996,0.007044027961999991,0.006232561647999999,0.006817840700000002,0.0068352438028000005,0.0069011871127999955,0.006540057873999998,0.006004346975199995,0.0035304305252,0.003836434535400001
test-clean,mp3,64k,-0.06884343036978757,4.149926893472672,27.85694678783417,707.875,0.8962491349457173,0.017281649140000018,0.016365053920000018,0.01575042714,0.014391218179999993,0.01138442334,0.009218661680000002,0.009385808519999997,0.009021528739999996,0.008766160114,0.008152510826000011,0.007255137167999994,0.004616604027999998,0.0054330349200000004
test-clean,mp3,32k,0.10818253343823762,6.3077139821052555,53.54964120483398,706.6875,0.6170209858365286,0.07515604219999998,0.07943058079999987,0.07877111519999999,0.07325044140000005,0.056080531000000024,0.0408131358,0.036597842000000026,0.032713489199999994,0.029498430040000006,0.02600713408,0.021156014520000002,0.017364659380000015,0.02108009293999999
test-clean,mp3,24k,0.01966955153422502,9.198711414337158,120.37263483810425,2165.5,2.3192372771044654,0.1444513726,0.15940150040000003,0.16888049859999996,0.15464254559999996,0.12426514539999982,0.09232357100000003,0.07897659640000002,0.069933044,0.061129759600000014,0.05236612360000004,0.03960474520000003,0.035887152200000015,0.041447730999999995
test-clean,mp3,16k,0.9146341463414633,11.666824580192566,186.05037520599365,2405.25,3.6859046431012916,0.22799181999999987,0.26404169599999994,0.28263864000000033,0.25889073600000007,0.209152658,0.15512846820000004,0.1286384717999999,0.11122168539999994,0.09566157920000007,0.08065914200000007,0.06241106660000001,0.06295733439999993,0.07139897359999998
test-clean,opus,64k,0.01966955153422502,1.657177726984024,3.2580472486019136,0.0,0.43088780360157836,0.00712216433999999,0.006526118600000001,0.005841199399999994,0.005575684340000003,0.0056036166,0.006185511365999999,0.006958981613999997,0.007197131962000002,0.007630571467999993,0.007432356860000006,0.007383858714,0.0033798321059999993,0.002610778553999997
test-clean,opus,32k,-0.03933910306845004,3.9808057723045347,18.192432236671447,0.0,2.8531767489604665,0.04077459300000006,0.033425606399999995,0.031054746799999988,0.02856837980000001,0.025208313720000004,0.022560049699999987,0.022920868740000013,0.022102557739999997,0.02160412986000002,0.02010279632000001,0.017359524859999996,0.010044541940000002,0.009492481600000007
test-clean,opus,16k,0.00983477576711251,5.394030029296875,32.274479997634884,0.0,2.8542662893163557,0.09509598840000011,0.08708066059999996,0.0822484228,0.07414471,0.06081317119999999,0.047396938799999996,0.04321606959999996,0.0394791974,0.03725439479999999,0.03373366051999999,0.029099651439999985,0.019938058560000006,0.021634147340000007
test-clean,opus,12k,0.3245476003147128,5.853660299777984,37.4949483757019,0.0,1.7705980149272196,0.1384136989999998,0.13636273920000003,0.1326001706,0.12003512559999986,0.09716094519999996,0.07286307140000005,0.06398211620000002,0.05691158979999997,0.05224461059999996,0.046380877800000005,0.03947416318000005,0.0306209152,0.034879793399999984
test-clean,opus,8k,1.1506687647521636,11.433259075164795,178.88012836456298,3383.875,17.341605532637775,0.334571678,0.3229014779999999,0.34786079,0.32437794,0.2697228219999999,0.19886274780000032,0.16266198160000014,0.13820429900000009,0.11986073100000008,0.10233969879999995,0.08491578920000001,0.07954548900000004,0.08575988339999992
test-clean,opus,6k,2.2816679779701023,11.618488951683045,181.18448080444335,3332.0,15.253515321054994,0.40776914400000014,0.41425978,0.4481562879999999,0.41926209800000014,0.351646926,0.26223872199999976,0.21607541399999974,0.18376641680000005,0.15927458199999983,0.13507394319999996,0.11590227599999994,0.12113645279999993,0.12986816539999996
test-clean,wav,uncompressed,0.0,0.0,0.0,0.0,0.0,0.0,0.0,0.0,0.0,0.0,0.0,0.0,0.0,0.0,0.0,0.0,0.0,0.0
test-other,mp3,128k,0.23931623931623933,3.2123598918914795,22.616148112773896,710.3125,0.9398976371219364,0.012538953965999999,0.011788606692000004,0.011647246865999994,0.01098726688400001,0.010102238844000013,0.009708066086000009,0.010237216504000009,0.01006618033599999,0.010095948339999985,0.009511530566000001,0.008784264064800004,0.006045741926000004,0.008312780269999993
test-other,mp3,64k,0.27350427350427353,3.730057197809219,25.99027564394474,712.625,0.9270110675597446,0.017425214260000006,0.016654905700000007,0.016459152859999972,0.015514490220000008,0.013748283439999995,0.012679134460000002,0.013050887280000005,0.012698124880000012,0.012575420800000004,0.011723982923999994,0.010663238582000011,0.007750570473999999,0.01092207652
test-other,mp3,32k,0.6837606837606838,5.572669718503952,46.78235108947754,712.9375,0.664780915320007,0.0632858752,0.06644096,0.06767377380000004,0.06440502559999997,0.054956333799999986,0.044977362400000054,0.04248461779999998,0.03941369454000004,0.036678610520000016,0.03270356063999998,0.027839335899999998,0.025472811200000008,0.03452286187999998
test-other,mp3,24k,1.4245014245014245,8.09619177389145,104.90985491085053,2179.375,2.497602334209961,0.13209976080000008,0.14719126140000002,0.1639227776000001,0.15593441280000003,0.13766798959999998,0.11068988180000011,0.09953773200000007,0.09025464740000001,0.0810154788,0.07033250039999996,0.056430139200000076,0.05751262100000004,0.07007141100000001
test-other,mp3,16k,3.7378917378917382,10.285407364368439,159.66416300201416,2437.625,3.9084845384055225,0.2082250378,0.2396480716,0.26721334380000017,0.2576084501999999,0.22760483939999993,0.18314149080000017,0.1621357238,0.14618947019999987,0.1301848061999999,0.1126740105999999,0.09317894120000007,0.10339551059999999,0.11515725840000006
test-other,opus,64k,0.06837606837606838,1.5331660615205764,2.9537407448291777,0.0,0.4628524314363178,0.008738062579999997,0.008594775239999996,0.008000574159999996,0.007479895139999996,0.007536306279999996,0.008432023838000003,0.009653669971999998,0.009644744710000002,0.00996741032000001,0.00945651015600001,0.009319762152000012,0.004701780353999998,0.004934862153999996
test-other,opus,32k,0.10256410256410256,3.7216959311962126,16.857122578144075,0.0,2.851560412001308,0.047236441000000025,0.0393844772,0.03774343159999999,0.035770633600000004,0.033985568199999976,0.032006201,0.03247376086000002,0.03130140386000003,0.03069228803999999,0.028260847740000015,0.024792713480000002,0.015789390640000008,0.017921773100000028
test-other,opus,16k,0.6381766381766382,5.116430867195129,30.40305756378174,0.0,2.7952280124859654,0.10276704219999998,0.09328800020000007,0.09096170940000001,0.08473654439999999,0.07523628620000004,0.06358173679999997,0.05994306680000005,0.05604798719999997,0.053509554400000006,0.048435070360000006,0.04252468573999994,0.03198905467999997,0.037528685399999984
test-other,opus,12k,1.3333333333333335,5.596473620414734,35.7316464767456,0.0,1.7214192723375223,0.1464864340000001,0.14333727340000005,0.14499065679999995,0.1356959344000001,0.1190468184,0.09739135260000006,0.08941305039999996,0.08194054979999998,0.07601637500000001,0.067450038,0.05852052979999992,0.04990273620000002,0.0572389852
test-other,opus,8k,6.632478632478632,10.421149996757507,159.18030235671998,3330.3125,16.435852337561506,0.3530077419999997,0.3330521660000004,0.3680306279999999,0.36038883199999977,0.32356751999999983,0.2599788560000003,0.23092979699999996,0.20821654720000007,0.18867755439999997,0.16477905959999997,0.14292922680000023,0.14747170259999995,0.1527637486
test-other,opus,6k,11.532763532763534,10.648759445667267,162.0469071960449,3295.75,14.39965507790638,0.4250331579999999,0.4244086920000002,0.46708192000000015,0.454723438,0.4086549200000002,0.3331869900000004,0.2997937459999999,0.274249738,0.25037931420000015,0.21959001020000005,0.19590320960000004,0.21556328519999993,0.21375127459999987
test-other,wav,uncompressed,0.0,0.0,0.0,0.0,0.0,0.0,0.0,0.0,0.0,0.0,0.0,0.0,0.0,0.0,0.0,0.0,0.0,0.0
