dataset,analysis,predictor,reference_predictor,difference,ci_lower,ci_upper,ci_excludes_zero
test-clean,condition_pearson,spectral_distortion,lsd_db,0.06272506102752184,0.040768034320998466,0.08398943889136784,True
test-clean,condition_pearson,bandwidth_loss_hz,lsd_db,0.0584381594266975,0.012508770675483654,0.09765098484755573,True
test-clean,condition_pearson,hf_power_loss_db,lsd_db,0.1082104954136287,0.012058275617523753,0.18912456408726316,True
test-clean,condition_pearson,sdrift_conv,lsd_db,0.18207218204231634,0.13546061711834745,0.2223223548655422,True
test-clean,condition_pearson,sdrift_layer_1,lsd_db,0.17982825346263842,0.14261268170920763,0.21385615725435497,True
test-clean,condition_pearson,sdrift_layer_2,lsd_db,0.18451197434898026,0.1463433923100434,0.2191768791243118,True
test-clean,condition_pearson,sdrift_layer_3,lsd_db,0.18753166474098115,0.14813672035845907,0.2236633979082296,True
test-clean,condition_pearson,sdrift_layer_4,lsd_db,0.1928467752190165,0.1502903134262688,0.23193289023538077,True
test-clean,condition_pearson,sdrift_layer_5,lsd_db,0.19429650943355048,0.15083267172653608,0.2342904086070947,True
test-clean,condition_pearson,sdrift_layer_6,lsd_db,0.19141985146779483,0.14836789802579806,0.23106423704933993,True
test-clean,condition_pearson,sdrift_layer_7,lsd_db,0.1873920050300919,0.1453005231754999,0.22572686332955194,True
test-clean,condition_pearson,sdrift_layer_8,lsd_db,0.18561119531265935,0.14260387799269947,0.2248160162657218,True
test-clean,condition_pearson,sdrift_layer_9,lsd_db,0.18317995608597437,0.1396786702306946,0.2227340715715043,True
test-clean,condition_pearson,sdrift_layer_10,lsd_db,0.1954070247686709,0.1454080008174047,0.24067301194489124,True
test-clean,condition_pearson,sdrift_layer_11,lsd_db,0.2154203135327214,0.16512175694040937,0.26319339659698054,True
test-clean,condition_pearson,sdrift_layer_12,lsd_db,0.2092280132454154,0.16290103857867913,0.25290390454101186,True
test-clean,utterance_pooled_spearman,spectral_distortion,lsd_db,0.00022242455325460764,-0.003360129823661729,0.0033201251889083943,False
test-clean,utterance_pooled_spearman,bandwidth_loss_hz,lsd_db,0.013464445849271561,-0.008851426099652133,0.031452834080942425,False
test-clean,utterance_pooled_spearman,hf_power_loss_db,lsd_db,0.008689233670597762,-0.014796137685880227,0.03120610598488234,False
test-clean,utterance_pooled_spearman,sdrift_conv,lsd_db,0.03411048086888824,0.018697587228529464,0.048096976324434555,True
test-clean,utterance_pooled_spearman,sdrift_layer_1,lsd_db,0.03528477367138888,0.019592675728331777,0.04869836529290375,True
test-clean,utterance_pooled_spearman,sdrift_layer_2,lsd_db,0.03500623787432394,0.018761951909922782,0.04916739418182353,True
test-clean,utterance_pooled_spearman,sdrift_layer_3,lsd_db,0.0356858909883212,0.018883993692298533,0.050225217127112545,True
test-clean,utterance_pooled_spearman,sdrift_layer_4,lsd_db,0.03594433806937794,0.018463304298107403,0.051334234675703735,True
test-clean,utterance_pooled_spearman,sdrift_layer_5,lsd_db,0.03656106757172334,0.016665364536022076,0.0540939021808754,True
test-clean,utterance_pooled_spearman,sdrift_layer_6,lsd_db,0.03624774549689011,0.014429342988724512,0.05551677332434006,True
test-clean,utterance_pooled_spearman,sdrift_layer_7,lsd_db,0.036344405981679345,0.013691548668218008,0.057278321847686484,True
test-clean,utterance_pooled_spearman,sdrift_layer_8,lsd_db,0.035871383642459814,0.012211112536552049,0.05791959395141539,True
test-clean,utterance_pooled_spearman,sdrift_layer_9,lsd_db,0.037820116321048675,0.013165629279316275,0.060956833508983004,True
test-clean,utterance_pooled_spearman,sdrift_layer_10,lsd_db,0.039437397121424744,0.012849415118520498,0.06381252151816173,True
test-clean,utterance_pooled_spearman,sdrift_layer_11,lsd_db,0.053809959899801335,0.03401629158142488,0.07112794976718519,True
test-clean,utterance_pooled_spearman,sdrift_layer_12,lsd_db,0.05697132954482781,0.039074254680471425,0.07273783743238942,True
test-clean,within_condition_mean_spearman,spectral_distortion,lsd_db,0.0022223691088617686,-0.005118070879671658,0.00815100915808068,False
test-clean,within_condition_mean_spearman,bandwidth_loss_hz,lsd_db,0.01101702891210569,-0.04840308832965537,0.06563005410194533,False
test-clean,within_condition_mean_spearman,hf_power_loss_db,lsd_db,0.04293826776248054,-0.006257986844792333,0.08626887803700159,False
test-clean,within_condition_mean_spearman,sdrift_conv,lsd_db,0.028557888372971678,-0.021422118370694233,0.0707206384369154,False
test-clean,within_condition_mean_spearman,sdrift_layer_1,lsd_db,0.03694430224996517,-0.01030793562210612,0.07793187223148933,False
test-clean,within_condition_mean_spearman,sdrift_layer_2,lsd_db,0.0387891629572788,-0.01418726348197487,0.08476903848667641,False
test-clean,within_condition_mean_spearman,sdrift_layer_3,lsd_db,0.04260899597360832,-0.013232272692427521,0.09088852152449224,False
test-clean,within_condition_mean_spearman,sdrift_layer_4,lsd_db,0.04395107436715414,-0.018797779971491412,0.0998046042756351,False
test-clean,within_condition_mean_spearman,sdrift_layer_5,lsd_db,0.04806718307968766,-0.02089237939239992,0.1107994198148511,False
test-clean,within_condition_mean_spearman,sdrift_layer_6,lsd_db,0.05178977228839338,-0.0212929139437088,0.11865583498891268,False
test-clean,within_condition_mean_spearman,sdrift_layer_7,lsd_db,0.055736188691550864,-0.01726798421190664,0.12475900837958141,False
test-clean,within_condition_mean_spearman,sdrift_layer_8,lsd_db,0.05756174463648625,-0.016802973589437553,0.1314568786239226,False
test-clean,within_condition_mean_spearman,sdrift_layer_9,lsd_db,0.06444485015635419,-0.010227316792600999,0.13748320141760523,False
test-clean,within_condition_mean_spearman,sdrift_layer_10,lsd_db,0.07093765725456978,-0.003691040017095349,0.1418376160793912,False
test-clean,within_condition_mean_spearman,sdrift_layer_11,lsd_db,0.0971568516694532,0.03953494181771349,0.14857471414504672,True
test-clean,within_condition_mean_spearman,sdrift_layer_12,lsd_db,0.10756265937901299,0.0593461257105763,0.15216878722711336,True
test-other,condition_pearson,spectral_distortion,lsd_db,0.05391500054070386,0.04573926823449343,0.062014572666333076,True
test-other,condition_pearson,bandwidth_loss_hz,lsd_db,0.06148189652485181,0.04822452599510676,0.07553500436742225,True
test-other,condition_pearson,hf_power_loss_db,lsd_db,0.12049733268802065,0.09107086527706278,0.14589986670231775,True
test-other,condition_pearson,sdrift_conv,lsd_db,0.17006843046892361,0.1534083979292484,0.18482613593751837,True
test-other,condition_pearson,sdrift_layer_1,lsd_db,0.16712092519518484,0.15394477820437566,0.17949780403033608,True
test-other,condition_pearson,sdrift_layer_2,lsd_db,0.16911585884532931,0.15683358607824754,0.18122005760086998,True
test-other,condition_pearson,sdrift_layer_3,lsd_db,0.1714776864356119,0.15894096059878993,0.18332856345473203,True
test-other,condition_pearson,sdrift_layer_4,lsd_db,0.17380333352454502,0.16076863098194613,0.18604992945101212,True
test-other,condition_pearson,sdrift_layer_5,lsd_db,0.17598302904816243,0.1621713371566503,0.1887956764834535,True
test-other,condition_pearson,sdrift_layer_6,lsd_db,0.17724707487151392,0.1627756765481772,0.19089043860987895,True
test-other,condition_pearson,sdrift_layer_7,lsd_db,0.17883337054718185,0.16390229078663962,0.19308129720877004,True
test-other,condition_pearson,sdrift_layer_8,lsd_db,0.18025362242541965,0.16451212340409738,0.19532675558665352,True
test-other,condition_pearson,sdrift_layer_9,lsd_db,0.18084450840164779,0.16430810078030464,0.1960999897135461,True
test-other,condition_pearson,sdrift_layer_10,lsd_db,0.18797447411228574,0.16999820744043073,0.2046785118474995,True
test-other,condition_pearson,sdrift_layer_11,lsd_db,0.19700298318778842,0.17943754347058744,0.21456613111230868,True
test-other,condition_pearson,sdrift_layer_12,lsd_db,0.18325496272851238,0.1674139470669682,0.19927943419523547,True
test-other,utterance_pooled_spearman,spectral_distortion,lsd_db,-0.0009492349902067709,-0.011368361382048364,0.009677533863603552,False
test-other,utterance_pooled_spearman,bandwidth_loss_hz,lsd_db,0.012490066517455989,-0.019484382460987524,0.04316972378626911,False
test-other,utterance_pooled_spearman,hf_power_loss_db,lsd_db,0.0023299084156237493,-0.0342633038747925,0.03873463445988019,False
test-other,utterance_pooled_spearman,sdrift_conv,lsd_db,0.04356127891700223,0.011070914808447612,0.0741704621329158,True
test-other,utterance_pooled_spearman,sdrift_layer_1,lsd_db,0.04890522370332462,0.018217726020143977,0.07745446746144817,True
test-other,utterance_pooled_spearman,sdrift_layer_2,lsd_db,0.05070317335411878,0.01949040820601584,0.079816640398682,True
test-other,utterance_pooled_spearman,sdrift_layer_3,lsd_db,0.052866744636471896,0.02148146606026909,0.08293745070890605,True
test-other,utterance_pooled_spearman,sdrift_layer_4,lsd_db,0.052700274381137335,0.02030160743456367,0.08410135797877072,True
test-other,utterance_pooled_spearman,sdrift_layer_5,lsd_db,0.05276434633115523,0.017754347728146144,0.08659042104901217,True
test-other,utterance_pooled_spearman,sdrift_layer_6,lsd_db,0.054113457097020035,0.018080652949696404,0.08885278635364846,True
test-other,utterance_pooled_spearman,sdrift_layer_7,lsd_db,0.05816330317353774,0.022326313386709568,0.09411053242614435,True
test-other,utterance_pooled_spearman,sdrift_layer_8,lsd_db,0.06250292701996707,0.025857237796610706,0.09895054262566653,True
test-other,utterance_pooled_spearman,sdrift_layer_9,lsd_db,0.06647238603399558,0.029802432588302848,0.10311126678609162,True
test-other,utterance_pooled_spearman,sdrift_layer_10,lsd_db,0.06889221270990148,0.03026073883547808,0.107592789264504,True
test-other,utterance_pooled_spearman,sdrift_layer_11,lsd_db,0.09358388430066072,0.05879240748537134,0.12955120375383375,True
test-other,utterance_pooled_spearman,sdrift_layer_12,lsd_db,0.10168814074039301,0.06783671568841391,0.13537663244138257,True
test-other,within_condition_mean_spearman,spectral_distortion,lsd_db,-0.008787609371814716,-0.027544547605973243,0.006549215292274932,False
test-other,within_condition_mean_spearman,bandwidth_loss_hz,lsd_db,-0.04113737360375736,-0.10256016343519526,0.024742675907550565,False
test-other,within_condition_mean_spearman,hf_power_loss_db,lsd_db,0.02726636300372126,-0.05085957672005228,0.10911629105336325,False
test-other,within_condition_mean_spearman,sdrift_conv,lsd_db,-0.019161774169918485,-0.08986661200334783,0.052578549996768066,False
test-other,within_condition_mean_spearman,sdrift_layer_1,lsd_db,0.0027997531835092515,-0.06347440764158009,0.07270606709879787,False
test-other,within_condition_mean_spearman,sdrift_layer_2,lsd_db,0.008902283876300453,-0.056222087613809625,0.07863011355588581,False
test-other,within_condition_mean_spearman,sdrift_layer_3,lsd_db,0.022081523175657043,-0.043321118229496636,0.09217232228212317,False
test-other,within_condition_mean_spearman,sdrift_layer_4,lsd_db,0.025416843057897084,-0.046467154976947,0.10011532885099836,False
test-other,within_condition_mean_spearman,sdrift_layer_5,lsd_db,0.03897396460475643,-0.040612789510812895,0.12219347360134435,False
test-other,within_condition_mean_spearman,sdrift_layer_6,lsd_db,0.053152684228806014,-0.02225386722714305,0.13280813928481602,False
test-other,within_condition_mean_spearman,sdrift_layer_7,lsd_db,0.07105244174635095,-0.005620447879046016,0.1514386386875295,False
test-other,within_condition_mean_spearman,sdrift_layer_8,lsd_db,0.09030784379273338,0.014210375085800055,0.17151721793264957,True
test-other,within_condition_mean_spearman,sdrift_layer_9,lsd_db,0.10201515045615775,0.02607866559005231,0.18462778448450434,True
test-other,within_condition_mean_spearman,sdrift_layer_10,lsd_db,0.1121538056896193,0.034173876230601516,0.19573338121187778,True
test-other,within_condition_mean_spearman,sdrift_layer_11,lsd_db,0.168089002934915,0.09857435647094817,0.24436019228915673,True
test-other,within_condition_mean_spearman,sdrift_layer_12,lsd_db,0.19304281892014696,0.12159569588740753,0.2628576782903864,True
