dataset,codec,bitrate,predictor,spearman
test-clean,mp3,128k,lsd_db,-0.008625179873478763
test-clean,mp3,128k,spectral_distortion,-0.00445328948808877
test-clean,mp3,128k,bandwidth_loss_hz,0.015284850679392871
test-clean,mp3,128k,hf_power_loss_db,-0.048329508717382265
test-clean,mp3,128k,sdrift_conv,-0.04921055729628374
test-clean,mp3,128k,sdrift_layer_1,-0.042852896756777226
test-clean,mp3,128k,sdrift_layer_2,-0.03877360195075262
test-clean,mp3,128k,sdrift_layer_3,-0.03975470970463037
test-clean,mp3,128k,sdrift_layer_4,-0.030743872376865277
test-clean,mp3,128k,sdrift_layer_5,-0.01159567246174007
test-clean,mp3,128k,sdrift_layer_6,-0.0013378410717614468
test-clean,mp3,128k,sdrift_layer_7,-0.0005046058747713696
test-clean,mp3,128k,sdrift_layer_8,-0.011008850945468046
test-clean,mp3,128k,sdrift_layer_9,-0.01577362783770906
test-clean,mp3,128k,sdrift_layer_10,-0.014631004422298139
test-clean,mp3,128k,sdrift_layer_11,-0.027692099352667057
test-clean,mp3,128k,sdrift_layer_12,-0.012723601258517295
test-clean,mp3,64k,lsd_db,0.004483271146793304
test-clean,mp3,64k,spectral_distortion,0.011524074695579686
test-clean,mp3,64k,bandwidth_loss_hz,0.0130688805417102
test-clean,mp3,64k,hf_power_loss_db,-0.0001965555824170666
test-clean,mp3,64k,sdrift_conv,0.052589288776113664
test-clean,mp3,64k,sdrift_layer_1,0.04926626626147927
test-clean,mp3,64k,sdrift_layer_2,0.05465532227971712
test-clean,mp3,64k,sdrift_layer_3,0.06691920139794388
test-clean,mp3,64k,sdrift_layer_4,0.07108019618408694
test-clean,mp3,64k,sdrift_layer_5,0.06531860193933045
test-clean,mp3,64k,sdrift_layer_6,0.061727472217379835
test-clean,mp3,64k,sdrift_layer_7,0.07243892825816149
test-clean,mp3,64k,sdrift_layer_8,0.06322462891668518
test-clean,mp3,64k,sdrift_layer_9,0.05547663205539295
test-clean,mp3,64k,sdrift_layer_10,0.05275433167398451
test-clean,mp3,64k,sdrift_layer_11,0.018959859727082022
test-clean,mp3,64k,sdrift_layer_12,-0.023542674247315883
test-clean,mp3,32k,lsd_db,-0.03346137235178423
test-clean,mp3,32k,spectral_distortion,-0.030189416801846572
test-clean,mp3,32k,bandwidth_loss_hz,-0.061716062637802535
test-clean,mp3,32k,hf_power_loss_db,0.024337339332933652
test-clean,mp3,32k,sdrift_conv,-0.012410281072056696
test-clean,mp3,32k,sdrift_layer_1,-0.007910742695894141
test-clean,mp3,32k,sdrift_layer_2,-0.0032065583410407147
test-clean,mp3,32k,sdrift_layer_3,-0.005225566221665665
test-clean,mp3,32k,sdrift_layer_4,-0.012826831965617293
test-clean,mp3,32k,sdrift_layer_5,-0.02473533447495063
test-clean,mp3,32k,sdrift_layer_6,-0.007269939838922266
test-clean,mp3,32k,sdrift_layer_7,0.001807776392391461
test-clean,mp3,32k,sdrift_layer_8,-0.002968913563630314
test-clean,mp3,32k,sdrift_layer_9,0.006803554644022141
test-clean,mp3,32k,sdrift_layer_10,-8.2158049621102e-05
test-clean,mp3,32k,sdrift_layer_11,0.0197569537155442
test-clean,mp3,32k,sdrift_layer_12,0.02721945633894057
test-clean,mp3,24k,lsd_db,-0.006726130184053559
test-clean,mp3,24k,spectral_distortion,-0.005140419258213515
test-clean,mp3,24k,bandwidth_loss_hz,-0.051166578567246886
test-clean,mp3,24k,hf_power_loss_db,0.023660548229260045
test-clean,mp3,24k,sdrift_conv,-0.0075258984924289445
test-clean,mp3,24k,sdrift_layer_1,-0.006391644285634175
test-clean,mp3,24k,sdrift_layer_2,-0.02088069558629431
test-clean,mp3,24k,sdrift_layer_3,-0.03281637248083759
test-clean,mp3,24k,sdrift_layer_4,-0.03372750081958384
test-clean,mp3,24k,sdrift_layer_5,-0.03613707072794487
test-clean,mp3,24k,sdrift_layer_6,-0.04274061768219096
test-clean,mp3,24k,sdrift_layer_7,-0.048748839769079774
test-clean,mp3,24k,sdrift_layer_8,-0.04773963160663438
test-clean,mp3,24k,sdrift_layer_9,-0.03652405406199718
test-clean,mp3,24k,sdrift_layer_10,-0.014993414240566558
test-clean,mp3,24k,sdrift_layer_11,0.00578783146833031
test-clean,mp3,24k,sdrift_layer_12,0.0223825621293889
test-clean,mp3,16k,lsd_db,-0.02001505497922881
test-clean,mp3,16k,spectral_distortion,-0.02041050052314668
test-clean,mp3,16k,bandwidth_loss_hz,0.0005825205625510439
test-clean,mp3,16k,hf_power_loss_db,0.05921291487669567
test-clean,mp3,16k,sdrift_conv,0.045549241941869975
test-clean,mp3,16k,sdrift_layer_1,0.03367805671538177
test-clean,mp3,16k,sdrift_layer_2,0.009690645667228805
test-clean,mp3,16k,sdrift_layer_3,0.006686652581064667
test-clean,mp3,16k,sdrift_layer_4,0.0065193226901979805
test-clean,mp3,16k,sdrift_layer_5,0.02037635035181189
test-clean,mp3,16k,sdrift_layer_6,0.031967829534028915
test-clean,mp3,16k,sdrift_layer_7,0.041229826627177044
test-clean,mp3,16k,sdrift_layer_8,0.05039007454723195
test-clean,mp3,16k,sdrift_layer_9,0.08022199031708432
test-clean,mp3,16k,sdrift_layer_10,0.10932373999070523
test-clean,mp3,16k,sdrift_layer_11,0.19049686907921637
test-clean,mp3,16k,sdrift_layer_12,0.21126872149454376
test-clean,opus,64k,lsd_db,0.020098525256617962
test-clean,opus,64k,spectral_distortion,0.02976687281751635
test-clean,opus,64k,bandwidth_loss_hz,
test-clean,opus,64k,hf_power_loss_db,0.04666366283764521
test-clean,opus,64k,sdrift_conv,0.019068074702996696
test-clean,opus,64k,sdrift_layer_1,0.031353064900187716
test-clean,opus,64k,sdrift_layer_2,0.03823445683561353
test-clean,opus,64k,sdrift_layer_3,0.03811229921513806
test-clean,opus,64k,sdrift_layer_4,0.009818787697597248
test-clean,opus,64k,sdrift_layer_5,0.010754601703799048
test-clean,opus,64k,sdrift_layer_6,0.0026825349278692444
test-clean,opus,64k,sdrift_layer_7,-0.007955261736962742
test-clean,opus,64k,sdrift_layer_8,-0.010903665138533377
test-clean,opus,64k,sdrift_layer_9,-0.02414556629592189
test-clean,opus,64k,sdrift_layer_10,-0.03546569331057068
test-clean,opus,64k,sdrift_layer_11,-0.029468211038628782
test-clean,opus,64k,sdrift_layer_12,0.023805243561373295
test-clean,opus,32k,lsd_db,-0.05722042762154787
test-clean,opus,32k,spectral_distortion,-0.05499031761549373
test-clean,opus,32k,bandwidth_loss_hz,
test-clean,opus,32k,hf_power_loss_db,0.03821907281436354
test-clean,opus,32k,sdrift_conv,-0.021140522075072683
test-clean,opus,32k,sdrift_layer_1,0.020341650507916
test-clean,opus,32k,sdrift_layer_2,0.031967044206150985
test-clean,opus,32k,sdrift_layer_3,0.025527967251304826
test-clean,opus,32k,sdrift_layer_4,0.012530072184396149
test-clean,opus,32k,sdrift_layer_5,-0.0039278798296781235
test-clean,opus,32k,sdrift_layer_6,-0.020130242190363745
test-clean,opus,32k,sdrift_layer_7,-0.022577747663588322
test-clean,opus,32k,sdrift_layer_8,-0.021162200193654036
test-clean,opus,32k,sdrift_layer_9,-0.016149097374427338
test-clean,opus,32k,sdrift_layer_10,-0.024746438366614252
test-clean,opus,32k,sdrift_layer_11,-0.021216497957589023
test-clean,opus,32k,sdrift_layer_12,-0.032877400650115504
test-clean,opus,16k,lsd_db,-0.0425523798517594
test-clean,opus,16k,spectral_distortion,-0.037535953983100855
test-clean,opus,16k,bandwidth_loss_hz,
test-clean,opus,16k,hf_power_loss_db,0.016380122224368597
test-clean,opus,16k,sdrift_conv,-0.007877237377166245
test-clean,opus,16k,sdrift_layer_1,0.04742942953772091
test-clean,opus,16k,sdrift_layer_2,0.04525698730886339
test-clean,opus,16k,sdrift_layer_3,0.03500657190360515
test-clean,opus,16k,sdrift_layer_4,0.040146043428543596
test-clean,opus,16k,sdrift_layer_5,0.04946253460110747
test-clean,opus,16k,sdrift_layer_6,0.05462160412371953
test-clean,opus,16k,sdrift_layer_7,0.04348440108289567
test-clean,opus,16k,sdrift_layer_8,0.043802683539420566
test-clean,opus,16k,sdrift_layer_9,0.04388363898323046
test-clean,opus,16k,sdrift_layer_10,0.04215157185714335
test-clean,opus,16k,sdrift_layer_11,0.024460038215152066
test-clean,opus,16k,sdrift_layer_12,0.027941370374903185
test-clean,opus,12k,lsd_db,-0.03829055735101147
test-clean,opus,12k,spectral_distortion,-0.034363497653256275
test-clean,opus,12k,bandwidth_loss_hz,
test-clean,opus,12k,hf_power_loss_db,-0.035668808748862746
test-clean,opus,12k,sdrift_conv,0.012778049790203432
test-clean,opus,12k,sdrift_layer_1,0.03303435086417993
test-clean,opus,12k,sdrift_layer_2,0.022395846621337572
test-clean,opus,12k,sdrift_layer_3,0.01162484625658293
test-clean,opus,12k,sdrift_layer_4,0.019670649962707468
test-clean,opus,12k,sdrift_layer_5,0.025507437910945657
test-clean,opus,12k,sdrift_layer_6,0.02923394123218451
test-clean,opus,12k,sdrift_layer_7,0.02664183888413969
test-clean,opus,12k,sdrift_layer_8,0.03451835194216643
test-clean,opus,12k,sdrift_layer_9,0.04662480362349775
test-clean,opus,12k,sdrift_layer_10,0.03582042370294349
test-clean,opus,12k,sdrift_layer_11,0.047080774091898266
test-clean,opus,12k,sdrift_layer_12,0.07622084433273493
test-clean,opus,8k,lsd_db,-0.040804915025369363
test-clean,opus,8k,spectral_distortion,-0.0408696092692725
test-clean,opus,8k,bandwidth_loss_hz,0.00849375543386865
test-clean,opus,8k,hf_power_loss_db,0.05325511453071794
test-clean,opus,8k,sdrift_conv,0.017905170669247465
test-clean,opus,8k,sdrift_layer_1,0.025505351992232562
test-clean,opus,8k,sdrift_layer_2,0.035988992415695344
test-clean,opus,8k,sdrift_layer_3,0.07079176711879609
test-clean,opus,8k,sdrift_layer_4,0.07708633914408992
test-clean,opus,8k,sdrift_layer_5,0.06916271853620383
test-clean,opus,8k,sdrift_layer_6,0.06690628736550204
test-clean,opus,8k,sdrift_layer_7,0.0777372563517037
test-clean,opus,8k,sdrift_layer_8,0.08182902282509284
test-clean,opus,8k,sdrift_layer_9,0.0907042997549812
test-clean,opus,8k,sdrift_layer_10,0.11775972714094912
test-clean,opus,8k,sdrift_layer_11,0.23007356405315274
test-clean,opus,8k,sdrift_layer_12,0.24151275277809206
test-clean,opus,6k,lsd_db,0.005513924543965305
test-clean,opus,6k,spectral_distortion,-0.006492179014054595
test-clean,opus,6k,bandwidth_loss_hz,0.014098920550812076
test-clean,opus,6k,hf_power_loss_db,0.07718674729910642
test-clean,opus,6k,sdrift_conv,0.046811146244408616
test-clean,opus,6k,sdrift_layer_1,0.005334141417967378
test-clean,opus,6k,sdrift_layer_2,0.033752056782690845
test-clean,opus,6k,sdrift_layer_3,0.07422600210153264
test-clean,opus,6k,sdrift_layer_4,0.10630831561828573
test-clean,opus,6k,sdrift_layer_5,0.14695243003682265
test-clean,opus,6k,sdrift_layer_6,0.1764261702640247
test-clean,opus,6k,sdrift_layer_7,0.2119442067641357
test-clean,opus,6k,sdrift_layer_8,0.23559739438781502
test-clean,opus,6k,sdrift_layer_9,0.26017048162088585
test-clean,opus,6k,sdrift_layer_10,0.29482284753335575
test-clean,opus,6k,sdrift_layer_11,0.3928859900716371
test-clean,opus,6k,sdrift_layer_12,0.40438168202425795
test-other,mp3,128k,lsd_db,0.014490656838591857
test-other,mp3,128k,spectral_distortion,0.014209589575242277
test-other,mp3,128k,bandwidth_loss_hz,-0.02922586298637813
test-other,mp3,128k,hf_power_loss_db,0.02647555431316072
test-other,mp3,128k,sdrift_conv,-0.04031649612163442
test-other,mp3,128k,sdrift_layer_1,-0.05355821742192214
test-other,mp3,128k,sdrift_layer_2,-0.05644787995070116
test-other,mp3,128k,sdrift_layer_3,-0.05825237526065536
test-other,mp3,128k,sdrift_layer_4,-0.07068184154690763
test-other,mp3,128k,sdrift_layer_5,-0.0686049596165422
test-other,mp3,128k,sdrift_layer_6,-0.0545235423242123
test-other,mp3,128k,sdrift_layer_7,-0.04028015822889412
test-other,mp3,128k,sdrift_layer_8,-0.025011567341646484
test-other,mp3,128k,sdrift_layer_9,-0.02214154270026307
test-other,mp3,128k,sdrift_layer_10,-0.017430290777261475
test-other,mp3,128k,sdrift_layer_11,0.0177387993329466
test-other,mp3,128k,sdrift_layer_12,0.07127036790578606
test-other,mp3,64k,lsd_db,-0.051685327546601864
test-other,mp3,64k,spectral_distortion,-0.05576632311559657
test-other,mp3,64k,bandwidth_loss_hz,-0.011896506501952071
test-other,mp3,64k,hf_power_loss_db,-0.005851173805598138
test-other,mp3,64k,sdrift_conv,-0.11727416443167478
test-other,mp3,64k,sdrift_layer_1,-0.12415142198030123
test-other,mp3,64k,sdrift_layer_2,-0.11880819295688501
test-other,mp3,64k,sdrift_layer_3,-0.12137996890087549
test-other,mp3,64k,sdrift_layer_4,-0.13543707856291168
test-other,mp3,64k,sdrift_layer_5,-0.12387917215866712
test-other,mp3,64k,sdrift_layer_6,-0.10053940486641685
test-other,mp3,64k,sdrift_layer_7,-0.09273151731253754
test-other,mp3,64k,sdrift_layer_8,-0.07027289721269332
test-other,mp3,64k,sdrift_layer_9,-0.06670058865679708
test-other,mp3,64k,sdrift_layer_10,-0.0602444608948821
test-other,mp3,64k,sdrift_layer_11,-0.054032203913185
test-other,mp3,64k,sdrift_layer_12,0.013448294833935014
test-other,mp3,32k,lsd_db,-0.02400350922067035
test-other,mp3,32k,spectral_distortion,-0.02237953627343069
test-other,mp3,32k,bandwidth_loss_hz,-0.004908934351407084
test-other,mp3,32k,hf_power_loss_db,0.03066579349687393
test-other,mp3,32k,sdrift_conv,-0.05192363797841315
test-other,mp3,32k,sdrift_layer_1,-0.0423171298345085
test-other,mp3,32k,sdrift_layer_2,-0.035157947445710394
test-other,mp3,32k,sdrift_layer_3,-0.018686610774553532
test-other,mp3,32k,sdrift_layer_4,-0.00048087935335822834
test-other,mp3,32k,sdrift_layer_5,0.007640694894695315
test-other,mp3,32k,sdrift_layer_6,0.004828737838560275
test-other,mp3,32k,sdrift_layer_7,0.010687424912285566
test-other,mp3,32k,sdrift_layer_8,0.02212481900699749
test-other,mp3,32k,sdrift_layer_9,0.024377195849178614
test-other,mp3,32k,sdrift_layer_10,0.035883476940131984
test-other,mp3,32k,sdrift_layer_11,0.09115484440699599
test-other,mp3,32k,sdrift_layer_12,0.12857251326433972
test-other,mp3,24k,lsd_db,0.038069035954627545
test-other,mp3,24k,spectral_distortion,0.041999889101663745
test-other,mp3,24k,bandwidth_loss_hz,-0.03616098674173662
test-other,mp3,24k,hf_power_loss_db,0.055983843477788835
test-other,mp3,24k,sdrift_conv,0.02849949694376618
test-other,mp3,24k,sdrift_layer_1,0.048135348280340155
test-other,mp3,24k,sdrift_layer_2,0.058024668863507836
test-other,mp3,24k,sdrift_layer_3,0.07786331451072999
test-other,mp3,24k,sdrift_layer_4,0.07729204050706333
test-other,mp3,24k,sdrift_layer_5,0.10844083112233191
test-other,mp3,24k,sdrift_layer_6,0.13040316767632576
test-other,mp3,24k,sdrift_layer_7,0.15423337755623134
test-other,mp3,24k,sdrift_layer_8,0.17649696737797385
test-other,mp3,24k,sdrift_layer_9,0.18527323397871337
test-other,mp3,24k,sdrift_layer_10,0.20306221121288573
test-other,mp3,24k,sdrift_layer_11,0.2607775085738129
test-other,mp3,24k,sdrift_layer_12,0.262739016944382
test-other,mp3,16k,lsd_db,0.02537420485477525
test-other,mp3,16k,spectral_distortion,0.01194495753906077
test-other,mp3,16k,bandwidth_loss_hz,-0.037240966979482946
test-other,mp3,16k,hf_power_loss_db,0.11426403903869922
test-other,mp3,16k,sdrift_conv,0.06015019905971541
test-other,mp3,16k,sdrift_layer_1,0.08643816886535022
test-other,mp3,16k,sdrift_layer_2,0.10212411432936731
test-other,mp3,16k,sdrift_layer_3,0.12151669625785166
test-other,mp3,16k,sdrift_layer_4,0.12446672379005952
test-other,mp3,16k,sdrift_layer_5,0.14346908404212286
test-other,mp3,16k,sdrift_layer_6,0.17235863371672988
test-other,mp3,16k,sdrift_layer_7,0.21704230677510541
test-other,mp3,16k,sdrift_layer_8,0.266330687886077
test-other,mp3,16k,sdrift_layer_9,0.3035415535868583
test-other,mp3,16k,sdrift_layer_10,0.3222144241245712
test-other,mp3,16k,sdrift_layer_11,0.3865359007844419
test-other,mp3,16k,sdrift_layer_12,0.3856374600352564
test-other,opus,64k,lsd_db,0.04103460861396889
test-other,opus,64k,spectral_distortion,0.04567611679241981
test-other,opus,64k,bandwidth_loss_hz,
test-other,opus,64k,hf_power_loss_db,0.10427793382002172
test-other,opus,64k,sdrift_conv,-0.03308584579965603
test-other,opus,64k,sdrift_layer_1,-0.023452594527883678
test-other,opus,64k,sdrift_layer_2,-0.03875267041861501
test-other,opus,64k,sdrift_layer_3,-0.03819434743426922
test-other,opus,64k,sdrift_layer_4,-0.05143522341392469
test-other,opus,64k,sdrift_layer_5,-0.05312986282223571
test-other,opus,64k,sdrift_layer_6,-0.07455878613902202
test-other,opus,64k,sdrift_layer_7,-0.0776455805084398
test-other,opus,64k,sdrift_layer_8,-0.08030721017174766
test-other,opus,64k,sdrift_layer_9,-0.07921362043583609
test-other,opus,64k,sdrift_layer_10,-0.08400129286490496
test-other,opus,64k,sdrift_layer_11,-0.03762481632450962
test-other,opus,64k,sdrift_layer_12,0.030535531807864034
test-other,opus,32k,lsd_db,0.005128503063899801
test-other,opus,32k,spectral_distortion,-0.012261690115739335
test-other,opus,32k,bandwidth_loss_hz,
test-other,opus,32k,hf_power_loss_db,0.04000028950940248
test-other,opus,32k,sdrift_conv,-0.049890517133730376
test-other,opus,32k,sdrift_layer_1,-0.03809688362810802
test-other,opus,32k,sdrift_layer_2,-0.039173560987553306
test-other,opus,32k,sdrift_layer_3,-0.035649645405120584
test-other,opus,32k,sdrift_layer_4,-0.04391648836513062
test-other,opus,32k,sdrift_layer_5,-0.04497901436748938
test-other,opus,32k,sdrift_layer_6,-0.030333256196232054
test-other,opus,32k,sdrift_layer_7,-0.018046873315262738
test-other,opus,32k,sdrift_layer_8,-0.012023312794086319
test-other,opus,32k,sdrift_layer_9,-0.01646465713714991
test-other,opus,32k,sdrift_layer_10,-0.023181789127147637
test-other,opus,32k,sdrift_layer_11,0.030190406706632936
test-other,opus,32k,sdrift_layer_12,0.06035346854563456
test-other,opus,16k,lsd_db,0.09081344574364181
test-other,opus,16k,spectral_distortion,0.08137030205254663
test-other,opus,16k,bandwidth_loss_hz,
test-other,opus,16k,hf_power_loss_db,0.09799194960214891
test-other,opus,16k,sdrift_conv,0.014819442671985934
test-other,opus,16k,sdrift_layer_1,0.05019089653866236
test-other,opus,16k,sdrift_layer_2,0.03288266010350876
test-other,opus,16k,sdrift_layer_3,0.044833091181464675
test-other,opus,16k,sdrift_layer_4,0.05805853579748528
test-other,opus,16k,sdrift_layer_5,0.07492052583581288
test-other,opus,16k,sdrift_layer_6,0.09243739458774342
test-other,opus,16k,sdrift_layer_7,0.1047805335451685
test-other,opus,16k,sdrift_layer_8,0.12025624945074748
test-other,opus,16k,sdrift_layer_9,0.13059116149404815
test-other,opus,16k,sdrift_layer_10,0.14170199978168194
test-other,opus,16k,sdrift_layer_11,0.169014796122056
test-other,opus,16k,sdrift_layer_12,0.15968072409033535
test-other,opus,12k,lsd_db,0.055933444708482556
test-other,opus,12k,spectral_distortion,0.04298122564174029
test-other,opus,12k,bandwidth_loss_hz,
test-other,opus,12k,hf_power_loss_db,-0.034276838378855326
test-other,opus,12k,sdrift_conv,-0.030154720516564634
test-other,opus,12k,sdrift_layer_1,0.011403935849192914
test-other,opus,12k,sdrift_layer_2,0.02456577151018057
test-other,opus,12k,sdrift_layer_3,0.050408924932094416
test-other,opus,12k,sdrift_layer_4,0.030428013363622927
test-other,opus,12k,sdrift_layer_5,0.0334122084169073
test-other,opus,12k,sdrift_layer_6,0.04090430425687166
test-other,opus,12k,sdrift_layer_7,0.05546499916143703
test-other,opus,12k,sdrift_layer_8,0.07051396184272705
test-other,opus,12k,sdrift_layer_9,0.07766583005703552
test-other,opus,12k,sdrift_layer_10,0.0968643459800198
test-other,opus,12k,sdrift_layer_11,0.19031534674094386
test-other,opus,12k,sdrift_layer_12,0.20904192704982677
test-other,opus,8k,lsd_db,0.09162486763385756
test-other,opus,8k,spectral_distortion,0.07128270347090251
test-other,opus,8k,bandwidth_loss_hz,0.03144407803904447
test-other,opus,8k,hf_power_loss_db,0.12971240514216525
test-other,opus,8k,sdrift_conv,0.19450617985283733
test-other,opus,8k,sdrift_layer_1,0.2582412955256287
test-other,opus,8k,sdrift_layer_2,0.28076066539251077
test-other,opus,8k,sdrift_layer_3,0.3031061220002566
test-other,opus,8k,sdrift_layer_4,0.3235765201100099
test-other,opus,8k,sdrift_layer_5,0.3320451978631036
test-other,opus,8k,sdrift_layer_6,0.34244618196396337
test-other,opus,8k,sdrift_layer_7,0.3675157474272434
test-other,opus,8k,sdrift_layer_8,0.38804846699314727
test-other,opus,8k,sdrift_layer_9,0.4123644289915865
test-other,opus,8k,sdrift_layer_10,0.41339324710338704
test-other,opus,8k,sdrift_layer_11,0.5216430380811811
test-other,opus,8k,sdrift_layer_12,0.5318456941892914
test-other,opus,6k,lsd_db,0.08428830356159643
test-other,opus,6k,spectral_distortion,0.05534729644739813
test-other,opus,6k,bandwidth_loss_hz,0.0361618951540823
test-other,opus,6k,hf_power_loss_db,0.11175443103129562
test-other,opus,6k,sdrift_conv,0.18495878179043465
test-other,opus,6k,sdrift_layer_1,0.22903212155832042
test-other,opus,6k,sdrift_layer_2,0.258975728405864
test-other,opus,6k,sdrift_layer_3,0.2883997880314738
test-other,opus,6k,sdrift_layer_4,0.33878318551702913
test-other,opus,6k,sdrift_layer_5,0.3904463116484508
test-other,opus,6k,sdrift_layer_6,0.43232433020872435
test-other,opus,6k,sdrift_layer_7,0.4716248334036927
test-other,opus,6k,sdrift_layer_8,0.5082983508887404
test-other,opus,6k,sdrift_layer_9,0.5439418941965304
test-other,opus,6k,sdrift_layer_10,0.5764982253135001
test-other,opus,6k,sdrift_layer_11,0.6443336459789177
test-other,opus,6k,sdrift_layer_12,0.6414142436611343
