dataset,dataset_index,speaker_id,chapter_id,utterance_id,codec,bitrate,spectral_distortion,reference_bandwidth_hz,compressed_bandwidth_hz,bandwidth_change_hz
test-clean,1548,5142,36377,17,mp3,128k,236.02197265625,4718.75,4718.75,0.0
test-clean,1092,4077,13751,18,mp3,128k,344.4257507324219,3218.75,3125.0,-93.75
test-clean,882,2961,960,8,mp3,128k,344.3395080566406,1750.0,1718.75,-31.25
test-clean,1107,4077,13754,11,mp3,128k,320.9511413574219,5187.5,5187.5,0.0
test-clean,2475,8463,294828,13,mp3,128k,169.68043518066406,4281.25,4281.25,0.0
test-clean,2450,8463,294825,8,mp3,128k,165.58946228027344,4156.25,4156.25,0.0
test-clean,1426,5105,28240,9,mp3,128k,347.1388854980469,3156.25,3156.25,0.0
test-clean,2590,908,157963,27,mp3,128k,304.2991943359375,1656.25,1656.25,0.0
test-clean,2285,8224,274381,5,mp3,128k,324.0641174316406,1406.25,1343.75,-62.5
test-clean,1736,61,70968,55,mp3,128k,325.9883117675781,1312.5,1281.25,-31.25
test-clean,243,1284,1180,31,mp3,128k,257.8033447265625,1031.25,1031.25,0.0
test-clean,468,1995,1836,2,mp3,128k,321.0154113769531,906.25,906.25,0.0
test-clean,1715,61,70968,34,mp3,128k,345.4833679199219,2687.5,2687.5,0.0
test-clean,101,1188,133604,37,mp3,128k,328.9825134277344,1218.75,1187.5,-31.25
test-clean,1636,5683,32866,12,mp3,128k,309.35296630859375,1562.5,1531.25,-31.25
test-clean,371,1580,141083,37,mp3,128k,356.64300537109375,4125.0,4062.5,-62.5
test-clean,892,2961,960,18,mp3,128k,334.4822082519531,1656.25,1625.0,-31.25
test-clean,1887,6829,68769,27,mp3,128k,365.2687072753906,3718.75,3625.0,-93.75
test-clean,428,1580,141084,40,mp3,128k,362.8130798339844,6312.5,6062.5,-250.0
test-clean,1525,5142,33396,63,mp3,128k,263.88580322265625,3281.25,3281.25,0.0
test-clean,151,121,127105,17,mp3,128k,366.83990478515625,6968.75,4843.75,-2125.0
test-clean,2382,8455,210777,26,mp3,128k,310.43389892578125,1468.75,1468.75,0.0
test-clean,68,1188,133604,4,mp3,128k,332.4051513671875,1125.0,1125.0,0.0
test-clean,1477,5142,33396,15,mp3,128k,238.64544677734375,4000.0,4000.0,0.0
test-clean,2433,8463,287645,6,mp3,128k,325.8900451660156,1968.75,1968.75,0.0
test-clean,865,2830,3980,68,mp3,128k,351.1185607910156,5687.5,5500.0,-187.5
test-clean,2487,8463,294828,25,mp3,128k,172.385986328125,4125.0,4125.0,0.0
test-clean,1233,4507,16021,12,mp3,128k,344.3758850097656,937.5,937.5,0.0
test-clean,2476,8463,294828,14,mp3,128k,165.4341278076172,4343.75,4343.75,0.0
test-clean,1893,6829,68769,33,mp3,128k,355.97674560546875,1562.5,1531.25,-31.25
test-clean,1393,4992,41806,5,mp3,128k,280.23565673828125,1781.25,1781.25,0.0
test-clean,386,1580,141083,52,mp3,128k,377.0909423828125,6437.5,5718.75,-718.75
test-clean,2216,7176,92135,29,mp3,128k,301.7240905761719,937.5,937.5,0.0
test-clean,720,260,123286,18,mp3,128k,354.6379699707031,1937.5,1781.25,-156.25
test-clean,1130,4446,2271,17,mp3,128k,188.4095458984375,1093.75,1093.75,0.0
test-clean,705,260,123286,3,mp3,128k,339.9922790527344,3781.25,3593.75,-187.5
test-clean,2352,8230,279154,40,mp3,128k,305.22607421875,1093.75,1093.75,0.0
test-clean,1215,4446,2275,40,mp3,128k,355.2982482910156,6968.75,6375.0,-593.75
test-clean,217,1284,1180,5,mp3,128k,282.0158996582031,968.75,968.75,0.0
test-clean,431,1580,141084,43,mp3,128k,371.1952209472656,6406.25,6281.25,-125.0
test-clean,952,3570,5695,9,mp3,128k,302.94293212890625,2562.5,2500.0,-62.5
test-clean,2242,7729,102255,9,mp3,128k,310.27386474609375,1500.0,1500.0,0.0
test-clean,680,237,134500,21,mp3,128k,361.5209655761719,2093.75,2093.75,0.0
test-clean,1646,5683,32866,22,mp3,128k,327.9107360839844,3375.0,3218.75,-156.25
test-clean,1881,6829,68769,21,mp3,128k,342.7212829589844,2093.75,2031.25,-62.5
test-clean,1730,61,70968,49,mp3,128k,320.33770751953125,2125.0,2093.75,-31.25
test-clean,2262,7729,102255,29,mp3,128k,314.3052673339844,1812.5,1781.25,-31.25
test-clean,2148,7127,75947,30,mp3,128k,324.135009765625,3875.0,3875.0,0.0
test-clean,1162,4446,2273,24,mp3,128k,348.5779724121094,6031.25,5343.75,-687.5
test-clean,1238,4507,16021,17,mp3,128k,345.88104248046875,843.75,843.75,0.0
test-clean,2481,8463,294828,19,mp3,128k,166.07052612304688,4718.75,4718.75,0.0
test-clean,177,1221,135766,6,mp3,128k,392.7506103515625,7156.25,6218.75,-937.5
test-clean,2260,7729,102255,27,mp3,128k,351.3328857421875,2093.75,2062.5,-31.25
test-clean,2169,7176,88083,10,mp3,128k,291.377685546875,1218.75,1218.75,0.0
test-clean,1686,61,70968,5,mp3,128k,359.5428161621094,5218.75,5218.75,0.0
test-clean,1437,5105,28240,20,mp3,128k,363.5160827636719,2781.25,2781.25,0.0
test-clean,1984,6930,76324,12,mp3,128k,281.8487243652344,4375.0,4375.0,0.0
test-clean,664,237,134500,5,mp3,128k,339.402587890625,1406.25,1406.25,0.0
test-clean,2293,8224,274381,13,mp3,128k,309.140380859375,687.5,656.25,-31.25
test-clean,372,1580,141083,38,mp3,128k,392.2115783691406,7406.25,6500.0,-906.25
test-clean,609,2300,131720,37,mp3,128k,282.0824279785156,843.75,843.75,0.0
test-clean,1718,61,70968,37,mp3,128k,339.6446838378906,2000.0,1968.75,-31.25
test-clean,1164,4446,2273,26,mp3,128k,332.0730285644531,3218.75,3156.25,-62.5
test-clean,376,1580,141083,42,mp3,128k,359.8485107421875,3062.5,3031.25,-31.25
test-clean,1539,5142,36377,8,mp3,128k,231.6183319091797,4500.0,4500.0,0.0
test-clean,1829,672,122797,44,mp3,128k,326.4028625488281,4000.0,3968.75,-31.25
test-clean,453,1995,1826,14,mp3,128k,352.1916198730469,1406.25,1406.25,0.0
test-clean,1877,6829,68769,17,mp3,128k,339.2035217285156,1750.0,1718.75,-31.25
test-clean,1941,6829,68771,27,mp3,128k,362.98828125,2531.25,2500.0,-31.25
test-clean,1150,4446,2273,12,mp3,128k,351.41876220703125,6000.0,5093.75,-906.25
test-clean,1419,5105,28240,2,mp3,128k,348.67266845703125,3062.5,3031.25,-31.25
test-clean,1173,4446,2273,35,mp3,128k,360.73797607421875,6312.5,6031.25,-281.25
test-clean,1629,5683,32866,5,mp3,128k,296.01068115234375,2812.5,2781.25,-31.25
test-clean,212,1284,1180,0,mp3,128k,268.5502624511719,843.75,843.75,0.0
test-clean,2290,8224,274381,10,mp3,128k,327.21148681640625,1406.25,1375.0,-31.25
test-clean,1446,5105,28241,4,mp3,128k,319.62628173828125,3281.25,3250.0,-31.25
test-clean,2508,8555,284447,7,mp3,128k,315.4731750488281,812.5,812.5,0.0
test-clean,162,121,127105,28,mp3,128k,335.94183349609375,3437.5,3000.0,-437.5
test-clean,471,1995,1836,5,mp3,128k,320.9385681152344,937.5,937.5,0.0
test-clean,890,2961,960,16,mp3,128k,352.5364685058594,3000.0,2968.75,-31.25
test-clean,31,1089,134686,31,mp3,128k,304.6702880859375,1281.25,1250.0,-31.25
test-clean,628,237,126133,14,mp3,128k,338.52593994140625,2406.25,2406.25,0.0
test-clean,1663,5683,32879,8,mp3,128k,299.7080078125,6125.0,6062.5,-62.5
test-clean,267,1284,134647,0,mp3,128k,270.53619384765625,937.5,937.5,0.0
test-clean,2001,6930,81414,0,mp3,128k,287.039794921875,4812.5,4812.5,0.0
test-clean,2103,7127,75946,15,mp3,128k,325.6853942871094,3718.75,3687.5,-31.25
test-clean,1248,4507,16021,27,mp3,128k,332.6294250488281,656.25,656.25,0.0
test-clean,1252,4507,16021,31,mp3,128k,331.2107849121094,1562.5,1093.75,-468.75
test-clean,305,1320,122617,13,mp3,128k,261.5343933105469,1406.25,1406.25,0.0
test-clean,2333,8230,279154,21,mp3,128k,300.42791748046875,812.5,781.25,-31.25
test-clean,72,1188,133604,8,mp3,128k,324.5006103515625,1250.0,1218.75,-31.25
test-clean,2145,7127,75947,27,mp3,128k,314.68218994140625,3312.5,3312.5,0.0
test-clean,1175,4446,2275,0,mp3,128k,348.4866943359375,6156.25,5625.0,-531.25
test-clean,2138,7127,75947,20,mp3,128k,316.66644287109375,2156.25,2156.25,0.0
test-clean,438,1580,141084,50,mp3,128k,393.4964599609375,7125.0,6562.5,-562.5
test-clean,2316,8230,279154,4,mp3,128k,302.5972595214844,1062.5,1062.5,0.0
test-clean,741,260,123288,7,mp3,128k,325.9580078125,1656.25,1656.25,0.0
test-clean,848,2830,3980,51,mp3,128k,340.035888671875,1625.0,1593.75,-31.25
test-clean,2101,7127,75946,13,mp3,128k,314.36993408203125,3468.75,3468.75,0.0
test-clean,636,237,126133,22,mp3,128k,331.4451904296875,2687.5,2687.5,0.0
test-clean,1548,5142,36377,17,mp3,64k,299.3058776855469,4718.75,4718.75,0.0
test-clean,1092,4077,13751,18,mp3,64k,352.3243713378906,3218.75,3125.0,-93.75
test-clean,882,2961,960,8,mp3,64k,350.60662841796875,1750.0,1718.75,-31.25
test-clean,1107,4077,13754,11,mp3,64k,331.1225891113281,5187.5,5187.5,0.0
test-clean,2475,8463,294828,13,mp3,64k,181.10281372070312,4281.25,4281.25,0.0
test-clean,2450,8463,294825,8,mp3,64k,176.8118896484375,4156.25,4156.25,0.0
test-clean,1426,5105,28240,9,mp3,64k,354.46075439453125,3156.25,3156.25,0.0
test-clean,2590,908,157963,27,mp3,64k,310.0815124511719,1656.25,1656.25,0.0
test-clean,2285,8224,274381,5,mp3,64k,332.5579528808594,1406.25,1343.75,-62.5
test-clean,1736,61,70968,55,mp3,64k,332.386962890625,1312.5,1281.25,-31.25
test-clean,243,1284,1180,31,mp3,64k,265.57073974609375,1031.25,1031.25,0.0
test-clean,468,1995,1836,2,mp3,64k,327.5325927734375,906.25,906.25,0.0
test-clean,1715,61,70968,34,mp3,64k,350.9979553222656,2687.5,2687.5,0.0
test-clean,101,1188,133604,37,mp3,64k,339.21051025390625,1218.75,1187.5,-31.25
test-clean,1636,5683,32866,12,mp3,64k,317.2567443847656,1562.5,1531.25,-31.25
test-clean,371,1580,141083,37,mp3,64k,370.9045715332031,4125.0,4062.5,-62.5
test-clean,892,2961,960,18,mp3,64k,342.66436767578125,1656.25,1625.0,-31.25
test-clean,1887,6829,68769,27,mp3,64k,373.71044921875,3718.75,3625.0,-93.75
test-clean,428,1580,141084,40,mp3,64k,381.5771789550781,6312.5,6062.5,-250.0
test-clean,1525,5142,33396,63,mp3,64k,294.05780029296875,3281.25,3281.25,0.0
test-clean,151,121,127105,17,mp3,64k,387.88897705078125,6968.75,4812.5,-2156.25
test-clean,2382,8455,210777,26,mp3,64k,318.49249267578125,1468.75,1468.75,0.0
test-clean,68,1188,133604,4,mp3,64k,341.7628479003906,1125.0,1125.0,0.0
test-clean,1477,5142,33396,15,mp3,64k,287.0622253417969,4000.0,4000.0,0.0
test-clean,2433,8463,287645,6,mp3,64k,336.5260925292969,1968.75,1968.75,0.0
test-clean,865,2830,3980,68,mp3,64k,359.0699462890625,5687.5,5468.75,-218.75
test-clean,2487,8463,294828,25,mp3,64k,183.98788452148438,4125.0,4125.0,0.0
test-clean,1233,4507,16021,12,mp3,64k,348.6529846191406,937.5,937.5,0.0
test-clean,2476,8463,294828,14,mp3,64k,177.64251708984375,4343.75,4343.75,0.0
test-clean,1893,6829,68769,33,mp3,64k,363.9015808105469,1562.5,1531.25,-31.25
test-clean,1393,4992,41806,5,mp3,64k,291.83404541015625,1781.25,1781.25,0.0
test-clean,386,1580,141083,52,mp3,64k,389.27032470703125,6437.5,5687.5,-750.0
test-clean,2216,7176,92135,29,mp3,64k,309.60687255859375,937.5,937.5,0.0
test-clean,720,260,123286,18,mp3,64k,364.22039794921875,1937.5,1781.25,-156.25
test-clean,1130,4446,2271,17,mp3,64k,196.5524139404297,1093.75,1093.75,0.0
test-clean,705,260,123286,3,mp3,64k,354.9835205078125,3781.25,3593.75,-187.5
test-clean,2352,8230,279154,40,mp3,64k,314.61395263671875,1093.75,1093.75,0.0
test-clean,1215,4446,2275,40,mp3,64k,365.3994140625,6968.75,6343.75,-625.0
test-clean,217,1284,1180,5,mp3,64k,291.1949768066406,968.75,968.75,0.0
test-clean,431,1580,141084,43,mp3,64k,376.32708740234375,6406.25,6312.5,-93.75
test-clean,952,3570,5695,9,mp3,64k,311.0162048339844,2562.5,2531.25,-31.25
test-clean,2242,7729,102255,9,mp3,64k,320.3156433105469,1500.0,1500.0,0.0
test-clean,680,237,134500,21,mp3,64k,369.2660217285156,2093.75,2093.75,0.0
test-clean,1646,5683,32866,22,mp3,64k,336.2655029296875,3375.0,3218.75,-156.25
test-clean,1881,6829,68769,21,mp3,64k,352.1098937988281,2093.75,2031.25,-62.5
test-clean,1730,61,70968,49,mp3,64k,327.5352478027344,2125.0,2093.75,-31.25
test-clean,2262,7729,102255,29,mp3,64k,325.8487854003906,1812.5,1781.25,-31.25
test-clean,2148,7127,75947,30,mp3,64k,330.78662109375,3875.0,3875.0,0.0
test-clean,1162,4446,2273,24,mp3,64k,358.21490478515625,6031.25,5343.75,-687.5
test-clean,1238,4507,16021,17,mp3,64k,354.878173828125,843.75,843.75,0.0
test-clean,2481,8463,294828,19,mp3,64k,178.57518005371094,4718.75,4750.0,31.25
test-clean,177,1221,135766,6,mp3,64k,400.60626220703125,7156.25,6187.5,-968.75
test-clean,2260,7729,102255,27,mp3,64k,358.10552978515625,2093.75,2062.5,-31.25
test-clean,2169,7176,88083,10,mp3,64k,301.2700500488281,1218.75,1218.75,0.0
test-clean,1686,61,70968,5,mp3,64k,365.4070739746094,5218.75,5218.75,0.0
test-clean,1437,5105,28240,20,mp3,64k,368.3063049316406,2781.25,2781.25,0.0
test-clean,1984,6930,76324,12,mp3,64k,294.49664306640625,4375.0,4375.0,0.0
test-clean,664,237,134500,5,mp3,64k,348.42535400390625,1406.25,1406.25,0.0
test-clean,2293,8224,274381,13,mp3,64k,321.4925842285156,687.5,656.25,-31.25
test-clean,372,1580,141083,38,mp3,64k,405.2470703125,7406.25,6500.0,-906.25
test-clean,609,2300,131720,37,mp3,64k,295.3534851074219,843.75,843.75,0.0
test-clean,1718,61,70968,37,mp3,64k,347.2124328613281,2000.0,1968.75,-31.25
test-clean,1164,4446,2273,26,mp3,64k,341.3136291503906,3218.75,3156.25,-62.5
test-clean,376,1580,141083,42,mp3,64k,371.218994140625,3062.5,3031.25,-31.25
test-clean,1539,5142,36377,8,mp3,64k,275.1959228515625,4500.0,4500.0,0.0
test-clean,1829,672,122797,44,mp3,64k,334.9093017578125,4000.0,3968.75,-31.25
test-clean,453,1995,1826,14,mp3,64k,357.9347839355469,1406.25,1406.25,0.0
test-clean,1877,6829,68769,17,mp3,64k,346.50689697265625,1750.0,1718.75,-31.25
test-clean,1941,6829,68771,27,mp3,64k,369.8546142578125,2531.25,2500.0,-31.25
test-clean,1150,4446,2273,12,mp3,64k,357.8998718261719,6000.0,5125.0,-875.0
test-clean,1419,5105,28240,2,mp3,64k,355.6571960449219,3062.5,3031.25,-31.25
test-clean,1173,4446,2273,35,mp3,64k,368.9646301269531,6312.5,6000.0,-312.5
test-clean,1629,5683,32866,5,mp3,64k,304.71697998046875,2812.5,2781.25,-31.25
test-clean,212,1284,1180,0,mp3,64k,278.3416442871094,843.75,843.75,0.0
test-clean,2290,8224,274381,10,mp3,64k,336.0334777832031,1406.25,1375.0,-31.25
test-clean,1446,5105,28241,4,mp3,64k,330.8008728027344,3281.25,3250.0,-31.25
test-clean,2508,8555,284447,7,mp3,64k,327.7637634277344,812.5,812.5,0.0
test-clean,162,121,127105,28,mp3,64k,365.99871826171875,3437.5,3000.0,-437.5
test-clean,471,1995,1836,5,mp3,64k,331.69488525390625,937.5,937.5,0.0
test-clean,890,2961,960,16,mp3,64k,358.5555419921875,3000.0,2968.75,-31.25
test-clean,31,1089,134686,31,mp3,64k,312.9728698730469,1281.25,1281.25,0.0
test-clean,628,237,126133,14,mp3,64k,348.2879333496094,2406.25,2406.25,0.0
test-clean,1663,5683,32879,8,mp3,64k,305.4999084472656,6125.0,6062.5,-62.5
test-clean,267,1284,134647,0,mp3,64k,278.7398986816406,937.5,937.5,0.0
test-clean,2001,6930,81414,0,mp3,64k,301.6817932128906,4812.5,4812.5,0.0
test-clean,2103,7127,75946,15,mp3,64k,333.9076843261719,3718.75,3687.5,-31.25
test-clean,1248,4507,16021,27,mp3,64k,340.52630615234375,656.25,656.25,0.0
test-clean,1252,4507,16021,31,mp3,64k,337.5787353515625,1562.5,1093.75,-468.75
test-clean,305,1320,122617,13,mp3,64k,270.8760070800781,1406.25,1406.25,0.0
test-clean,2333,8230,279154,21,mp3,64k,310.9654541015625,812.5,781.25,-31.25
test-clean,72,1188,133604,8,mp3,64k,332.6976318359375,1250.0,1218.75,-31.25
test-clean,2145,7127,75947,27,mp3,64k,322.2653503417969,3312.5,3312.5,0.0
test-clean,1175,4446,2275,0,mp3,64k,356.8413391113281,6156.25,5625.0,-531.25
test-clean,2138,7127,75947,20,mp3,64k,322.6133728027344,2156.25,2187.5,31.25
test-clean,438,1580,141084,50,mp3,64k,405.5926818847656,7125.0,6562.5,-562.5
test-clean,2316,8230,279154,4,mp3,64k,312.7292175292969,1062.5,1062.5,0.0
test-clean,741,260,123288,7,mp3,64k,337.9814147949219,1656.25,1656.25,0.0
test-clean,848,2830,3980,51,mp3,64k,348.38079833984375,1625.0,1593.75,-31.25
test-clean,2101,7127,75946,13,mp3,64k,323.5100402832031,3468.75,3468.75,0.0
test-clean,636,237,126133,22,mp3,64k,339.56951904296875,2687.5,2687.5,0.0
test-clean,1548,5142,36377,17,mp3,32k,600.9566040039062,4718.75,4750.0,31.25
test-clean,1092,4077,13751,18,mp3,32k,453.67523193359375,3218.75,3218.75,0.0
test-clean,882,2961,960,8,mp3,32k,422.7250671386719,1750.0,1750.0,0.0
test-clean,1107,4077,13754,11,mp3,32k,432.55419921875,5187.5,5218.75,31.25
test-clean,2475,8463,294828,13,mp3,32k,289.60302734375,4281.25,4343.75,62.5
test-clean,2450,8463,294825,8,mp3,32k,308.688720703125,4156.25,4218.75,62.5
test-clean,1426,5105,28240,9,mp3,32k,467.8305969238281,3156.25,3187.5,31.25
test-clean,2590,908,157963,27,mp3,32k,389.5958557128906,1656.25,1718.75,62.5
test-clean,2285,8224,274381,5,mp3,32k,436.406005859375,1406.25,1437.5,31.25
test-clean,1736,61,70968,55,mp3,32k,440.6595764160156,1312.5,1343.75,31.25
test-clean,243,1284,1180,31,mp3,32k,370.6230773925781,1031.25,1031.25,0.0
test-clean,468,1995,1836,2,mp3,32k,404.9132995605469,906.25,906.25,0.0
test-clean,1715,61,70968,34,mp3,32k,423.7333068847656,2687.5,2718.75,31.25
test-clean,101,1188,133604,37,mp3,32k,489.62200927734375,1218.75,1218.75,0.0
test-clean,1636,5683,32866,12,mp3,32k,421.6812438964844,1562.5,1531.25,-31.25
test-clean,371,1580,141083,37,mp3,32k,478.8382263183594,4125.0,4125.0,0.0
test-clean,892,2961,960,18,mp3,32k,426.7230529785156,1656.25,1687.5,31.25
test-clean,1887,6829,68769,27,mp3,32k,454.2392578125,3718.75,3812.5,93.75
test-clean,428,1580,141084,40,mp3,32k,481.90740966796875,6312.5,6187.5,-125.0
test-clean,1525,5142,33396,63,mp3,32k,572.7509155273438,3281.25,3312.5,31.25
test-clean,151,121,127105,17,mp3,32k,490.5961608886719,6968.75,5062.5,-1906.25
test-clean,2382,8455,210777,26,mp3,32k,426.5839538574219,1468.75,1468.75,0.0
test-clean,68,1188,133604,4,mp3,32k,503.7174377441406,1125.0,1125.0,0.0
test-clean,1477,5142,33396,15,mp3,32k,547.34033203125,4000.0,4000.0,0.0
test-clean,2433,8463,287645,6,mp3,32k,436.72332763671875,1968.75,2000.0,31.25
test-clean,865,2830,3980,68,mp3,32k,424.4084777832031,5687.5,5562.5,-125.0
test-clean,2487,8463,294828,25,mp3,32k,310.307861328125,4125.0,4250.0,125.0
test-clean,1233,4507,16021,12,mp3,32k,430.20037841796875,937.5,937.5,0.0
test-clean,2476,8463,294828,14,mp3,32k,287.3270263671875,4343.75,4375.0,31.25
test-clean,1893,6829,68769,33,mp3,32k,451.85858154296875,1562.5,1656.25,93.75
test-clean,1393,4992,41806,5,mp3,32k,539.2886352539062,1781.25,1781.25,0.0
test-clean,386,1580,141083,52,mp3,32k,442.93682861328125,6437.5,5906.25,-531.25
test-clean,2216,7176,92135,29,mp3,32k,423.8472595214844,937.5,937.5,0.0
test-clean,720,260,123286,18,mp3,32k,476.14434814453125,1937.5,1906.25,-31.25
test-clean,1130,4446,2271,17,mp3,32k,341.2294921875,1093.75,1093.75,0.0
test-clean,705,260,123286,3,mp3,32k,449.0982360839844,3781.25,3781.25,0.0
test-clean,2352,8230,279154,40,mp3,32k,434.1889343261719,1093.75,1093.75,0.0
test-clean,1215,4446,2275,40,mp3,32k,467.1515197753906,6968.75,6375.0,-593.75
test-clean,217,1284,1180,5,mp3,32k,426.30535888671875,968.75,968.75,0.0
test-clean,431,1580,141084,43,mp3,32k,437.8157043457031,6406.25,6281.25,-125.0
test-clean,952,3570,5695,9,mp3,32k,443.6360168457031,2562.5,2593.75,31.25
test-clean,2242,7729,102255,9,mp3,32k,430.95867919921875,1500.0,1500.0,0.0
test-clean,680,237,134500,21,mp3,32k,483.1288757324219,2093.75,2156.25,62.5
test-clean,1646,5683,32866,22,mp3,32k,450.6483459472656,3375.0,3218.75,-156.25
test-clean,1881,6829,68769,21,mp3,32k,432.1087951660156,2093.75,2093.75,0.0
test-clean,1730,61,70968,49,mp3,32k,430.5086364746094,2125.0,2281.25,156.25
test-clean,2262,7729,102255,29,mp3,32k,411.2742919921875,1812.5,1812.5,0.0
test-clean,2148,7127,75947,30,mp3,32k,428.8730773925781,3875.0,3906.25,31.25
test-clean,1162,4446,2273,24,mp3,32k,467.95281982421875,6031.25,5343.75,-687.5
test-clean,1238,4507,16021,17,mp3,32k,441.63470458984375,843.75,843.75,0.0
test-clean,2481,8463,294828,19,mp3,32k,289.7990417480469,4718.75,4812.5,93.75
test-clean,177,1221,135766,6,mp3,32k,518.141357421875,7156.25,6218.75,-937.5
test-clean,2260,7729,102255,27,mp3,32k,447.8023376464844,2093.75,2125.0,31.25
test-clean,2169,7176,88083,10,mp3,32k,417.77288818359375,1218.75,1218.75,0.0
test-clean,1686,61,70968,5,mp3,32k,428.8665771484375,5218.75,5218.75,0.0
test-clean,1437,5105,28240,20,mp3,32k,464.22955322265625,2781.25,2781.25,0.0
test-clean,1984,6930,76324,12,mp3,32k,465.21917724609375,4375.0,4406.25,31.25
test-clean,664,237,134500,5,mp3,32k,531.3326416015625,1406.25,1406.25,0.0
test-clean,2293,8224,274381,13,mp3,32k,437.6527404785156,687.5,687.5,0.0
test-clean,372,1580,141083,38,mp3,32k,490.2896423339844,7406.25,6500.0,-906.25
test-clean,609,2300,131720,37,mp3,32k,404.0727844238281,843.75,875.0,31.25
test-clean,1718,61,70968,37,mp3,32k,420.24462890625,2000.0,2187.5,187.5
test-clean,1164,4446,2273,26,mp3,32k,478.1204528808594,3218.75,3218.75,0.0
test-clean,376,1580,141083,42,mp3,32k,460.07794189453125,3062.5,3062.5,0.0
test-clean,1539,5142,36377,8,mp3,32k,530.426025390625,4500.0,4500.0,0.0
test-clean,1829,672,122797,44,mp3,32k,404.81817626953125,4000.0,4062.5,62.5
test-clean,453,1995,1826,14,mp3,32k,415.8351135253906,1406.25,1406.25,0.0
test-clean,1877,6829,68769,17,mp3,32k,447.0419006347656,1750.0,1812.5,62.5
test-clean,1941,6829,68771,27,mp3,32k,475.8294372558594,2531.25,2562.5,31.25
test-clean,1150,4446,2273,12,mp3,32k,444.9394226074219,6000.0,5218.75,-781.25
test-clean,1419,5105,28240,2,mp3,32k,457.8407897949219,3062.5,2906.25,-156.25
test-clean,1173,4446,2273,35,mp3,32k,468.7028503417969,6312.5,6062.5,-250.0
test-clean,1629,5683,32866,5,mp3,32k,497.6523132324219,2812.5,2812.5,0.0
test-clean,212,1284,1180,0,mp3,32k,418.4847717285156,843.75,843.75,0.0
test-clean,2290,8224,274381,10,mp3,32k,449.3381652832031,1406.25,1406.25,0.0
test-clean,1446,5105,28241,4,mp3,32k,477.416259765625,3281.25,3312.5,31.25
test-clean,2508,8555,284447,7,mp3,32k,495.1056823730469,812.5,812.5,0.0
test-clean,162,121,127105,28,mp3,32k,486.1336669921875,3437.5,3062.5,-375.0
test-clean,471,1995,1836,5,mp3,32k,445.4050598144531,937.5,968.75,31.25
test-clean,890,2961,960,16,mp3,32k,416.75933837890625,3000.0,3000.0,0.0
test-clean,31,1089,134686,31,mp3,32k,423.07086181640625,1281.25,1281.25,0.0
test-clean,628,237,126133,14,mp3,32k,548.936767578125,2406.25,2468.75,62.5
test-clean,1663,5683,32879,8,mp3,32k,430.53643798828125,6125.0,6125.0,0.0
test-clean,267,1284,134647,0,mp3,32k,375.40960693359375,937.5,937.5,0.0
test-clean,2001,6930,81414,0,mp3,32k,430.07684326171875,4812.5,4843.75,31.25
test-clean,2103,7127,75946,15,mp3,32k,445.622802734375,3718.75,3750.0,31.25
test-clean,1248,4507,16021,27,mp3,32k,404.419677734375,656.25,656.25,0.0
test-clean,1252,4507,16021,31,mp3,32k,420.4830627441406,1562.5,1312.5,-250.0
test-clean,305,1320,122617,13,mp3,32k,368.6903076171875,1406.25,1468.75,62.5
test-clean,2333,8230,279154,21,mp3,32k,452.70947265625,812.5,781.25,-31.25
test-clean,72,1188,133604,8,mp3,32k,476.3604736328125,1250.0,1250.0,0.0
test-clean,2145,7127,75947,27,mp3,32k,444.8185119628906,3312.5,3375.0,62.5
test-clean,1175,4446,2275,0,mp3,32k,497.33013916015625,6156.25,5687.5,-468.75
test-clean,2138,7127,75947,20,mp3,32k,389.1597900390625,2156.25,2312.5,156.25
test-clean,438,1580,141084,50,mp3,32k,490.7669677734375,7125.0,6625.0,-500.0
test-clean,2316,8230,279154,4,mp3,32k,424.0953674316406,1062.5,1062.5,0.0
test-clean,741,260,123288,7,mp3,32k,439.616943359375,1656.25,1687.5,31.25
test-clean,848,2830,3980,51,mp3,32k,435.0414733886719,1625.0,1656.25,31.25
test-clean,2101,7127,75946,13,mp3,32k,444.3904724121094,3468.75,3468.75,0.0
test-clean,636,237,126133,22,mp3,32k,526.531005859375,2687.5,2687.5,0.0
test-clean,1548,5142,36377,17,mp3,24k,860.5536499023438,4718.75,4718.75,0.0
test-clean,1092,4077,13751,18,mp3,24k,1612.6085205078125,3218.75,3031.25,-187.5
test-clean,882,2961,960,8,mp3,24k,1411.0303955078125,1750.0,1781.25,31.25
test-clean,1107,4077,13754,11,mp3,24k,1459.2587890625,5187.5,5000.0,-187.5
test-clean,2475,8463,294828,13,mp3,24k,1253.413818359375,4281.25,4125.0,-156.25
test-clean,2450,8463,294825,8,mp3,24k,1203.40771484375,4156.25,4187.5,31.25
test-clean,1426,5105,28240,9,mp3,24k,1457.5228271484375,3156.25,3125.0,-31.25
test-clean,2590,908,157963,27,mp3,24k,1259.1290283203125,1656.25,1750.0,93.75
test-clean,2285,8224,274381,5,mp3,24k,1434.5306396484375,1406.25,1187.5,-218.75
test-clean,1736,61,70968,55,mp3,24k,1390.319580078125,1312.5,1312.5,0.0
test-clean,243,1284,1180,31,mp3,24k,1354.921630859375,1031.25,1031.25,0.0
test-clean,468,1995,1836,2,mp3,24k,1462.70458984375,906.25,906.25,0.0
test-clean,1715,61,70968,34,mp3,24k,1459.2861328125,2687.5,2687.5,0.0
test-clean,101,1188,133604,37,mp3,24k,1319.4755859375,1218.75,1187.5,-31.25
test-clean,1636,5683,32866,12,mp3,24k,1380.5443115234375,1562.5,1531.25,-31.25
test-clean,371,1580,141083,37,mp3,24k,1665.3721923828125,4125.0,3937.5,-187.5
test-clean,892,2961,960,18,mp3,24k,1392.0716552734375,1656.25,1718.75,62.5
test-clean,1887,6829,68769,27,mp3,24k,1609.560546875,3718.75,3156.25,-562.5
test-clean,428,1580,141084,40,mp3,24k,1627.3702392578125,6312.5,4875.0,-1437.5
test-clean,1525,5142,33396,63,mp3,24k,1086.4979248046875,3281.25,3250.0,-31.25
test-clean,151,121,127105,17,mp3,24k,1609.834228515625,6968.75,4156.25,-2812.5
test-clean,2382,8455,210777,26,mp3,24k,1413.2767333984375,1468.75,1500.0,31.25
test-clean,68,1188,133604,4,mp3,24k,1426.6234130859375,1125.0,1125.0,0.0
test-clean,1477,5142,33396,15,mp3,24k,923.3906860351562,4000.0,4000.0,0.0
test-clean,2433,8463,287645,6,mp3,24k,1739.96875,1968.75,1906.25,-62.5
test-clean,865,2830,3980,68,mp3,24k,1453.8958740234375,5687.5,4187.5,-1500.0
test-clean,2487,8463,294828,25,mp3,24k,1259.8603515625,4125.0,3812.5,-312.5
test-clean,1233,4507,16021,12,mp3,24k,1501.2752685546875,937.5,937.5,0.0
test-clean,2476,8463,294828,14,mp3,24k,1285.50537109375,4343.75,4250.0,-93.75
test-clean,1893,6829,68769,33,mp3,24k,1500.111083984375,1562.5,1500.0,-62.5
test-clean,1393,4992,41806,5,mp3,24k,1260.5374755859375,1781.25,1718.75,-62.5
test-clean,386,1580,141083,52,mp3,24k,1670.0982666015625,6437.5,4281.25,-2156.25
test-clean,2216,7176,92135,29,mp3,24k,1490.8565673828125,937.5,937.5,0.0
test-clean,720,260,123286,18,mp3,24k,1538.2391357421875,1937.5,1625.0,-312.5
test-clean,1130,4446,2271,17,mp3,24k,1127.8250732421875,1093.75,1093.75,0.0
test-clean,705,260,123286,3,mp3,24k,1440.4212646484375,3781.25,3218.75,-562.5
test-clean,2352,8230,279154,40,mp3,24k,1408.1397705078125,1093.75,1062.5,-31.25
test-clean,1215,4446,2275,40,mp3,24k,1673.337646484375,6968.75,5218.75,-1750.0
test-clean,217,1284,1180,5,mp3,24k,1375.9281005859375,968.75,937.5,-31.25
test-clean,431,1580,141084,43,mp3,24k,1616.6478271484375,6406.25,5562.5,-843.75
test-clean,952,3570,5695,9,mp3,24k,1344.4447021484375,2562.5,2437.5,-125.0
test-clean,2242,7729,102255,9,mp3,24k,1416.294189453125,1500.0,1468.75,-31.25
test-clean,680,237,134500,21,mp3,24k,1563.0399169921875,2093.75,2125.0,31.25
test-clean,1646,5683,32866,22,mp3,24k,1459.786376953125,3375.0,2937.5,-437.5
test-clean,1881,6829,68769,21,mp3,24k,1498.4796142578125,2093.75,1750.0,-343.75
test-clean,1730,61,70968,49,mp3,24k,1402.4609375,2125.0,2187.5,62.5
test-clean,2262,7729,102255,29,mp3,24k,1503.4991455078125,1812.5,1687.5,-125.0
test-clean,2148,7127,75947,30,mp3,24k,1468.0146484375,3875.0,3843.75,-31.25
test-clean,1162,4446,2273,24,mp3,24k,1578.6507568359375,6031.25,4218.75,-1812.5
test-clean,1238,4507,16021,17,mp3,24k,1653.074462890625,843.75,843.75,0.0
test-clean,2481,8463,294828,19,mp3,24k,1253.2120361328125,4718.75,4656.25,-62.5
test-clean,177,1221,135766,6,mp3,24k,1669.6053466796875,7156.25,4000.0,-3156.25
test-clean,2260,7729,102255,27,mp3,24k,1559.9241943359375,2093.75,1937.5,-156.25
test-clean,2169,7176,88083,10,mp3,24k,1375.5015869140625,1218.75,1218.75,0.0
test-clean,1686,61,70968,5,mp3,24k,1466.710693359375,5218.75,5156.25,-62.5
test-clean,1437,5105,28240,20,mp3,24k,1480.49609375,2781.25,2781.25,0.0
test-clean,1984,6930,76324,12,mp3,24k,1298.3980712890625,4375.0,4343.75,-31.25
test-clean,664,237,134500,5,mp3,24k,1424.1778564453125,1406.25,1406.25,0.0
test-clean,2293,8224,274381,13,mp3,24k,1361.478759765625,687.5,625.0,-62.5
test-clean,372,1580,141083,38,mp3,24k,1666.9993896484375,7406.25,5218.75,-2187.5
test-clean,609,2300,131720,37,mp3,24k,1211.2066650390625,843.75,875.0,31.25
test-clean,1718,61,70968,37,mp3,24k,1400.0882568359375,2000.0,2031.25,31.25
test-clean,1164,4446,2273,26,mp3,24k,1610.93994140625,3218.75,3093.75,-125.0
test-clean,376,1580,141083,42,mp3,24k,1645.10498046875,3062.5,3000.0,-62.5
test-clean,1539,5142,36377,8,mp3,24k,921.46826171875,4500.0,4406.25,-93.75
test-clean,1829,672,122797,44,mp3,24k,1455.4716796875,4000.0,3781.25,-218.75
test-clean,453,1995,1826,14,mp3,24k,1508.4453125,1406.25,1406.25,0.0
test-clean,1877,6829,68769,17,mp3,24k,1482.6300048828125,1750.0,1718.75,-31.25
test-clean,1941,6829,68771,27,mp3,24k,1604.682861328125,2531.25,2437.5,-93.75
test-clean,1150,4446,2273,12,mp3,24k,1682.0345458984375,6000.0,3531.25,-2468.75
test-clean,1419,5105,28240,2,mp3,24k,1459.561279296875,3062.5,3062.5,0.0
test-clean,1173,4446,2273,35,mp3,24k,1703.4097900390625,6312.5,4375.0,-1937.5
test-clean,1629,5683,32866,5,mp3,24k,1356.29150390625,2812.5,2687.5,-125.0
test-clean,212,1284,1180,0,mp3,24k,1282.265869140625,843.75,843.75,0.0
test-clean,2290,8224,274381,10,mp3,24k,1439.1531982421875,1406.25,1218.75,-187.5
test-clean,1446,5105,28241,4,mp3,24k,1346.54345703125,3281.25,3156.25,-125.0
test-clean,2508,8555,284447,7,mp3,24k,1283.7623291015625,812.5,812.5,0.0
test-clean,162,121,127105,28,mp3,24k,1415.7237548828125,3437.5,2812.5,-625.0
test-clean,471,1995,1836,5,mp3,24k,1459.225341796875,937.5,937.5,0.0
test-clean,890,2961,960,16,mp3,24k,1485.0919189453125,3000.0,2937.5,-62.5
test-clean,31,1089,134686,31,mp3,24k,1372.224365234375,1281.25,1281.25,0.0
test-clean,628,237,126133,14,mp3,24k,1448.6846923828125,2406.25,2500.0,93.75
test-clean,1663,5683,32879,8,mp3,24k,1448.8310546875,6125.0,1468.75,-4656.25
test-clean,267,1284,134647,0,mp3,24k,1261.8446044921875,937.5,937.5,0.0
test-clean,2001,6930,81414,0,mp3,24k,1316.8436279296875,4812.5,4750.0,-62.5
test-clean,2103,7127,75946,15,mp3,24k,1426.893310546875,3718.75,3718.75,0.0
test-clean,1248,4507,16021,27,mp3,24k,1510.0638427734375,656.25,656.25,0.0
test-clean,1252,4507,16021,31,mp3,24k,1710.3626708984375,1562.5,968.75,-593.75
test-clean,305,1320,122617,13,mp3,24k,1205.4443359375,1406.25,1468.75,62.5
test-clean,2333,8230,279154,21,mp3,24k,1358.9737548828125,812.5,750.0,-62.5
test-clean,72,1188,133604,8,mp3,24k,1391.438232421875,1250.0,1218.75,-31.25
test-clean,2145,7127,75947,27,mp3,24k,1344.2882080078125,3312.5,3343.75,31.25
test-clean,1175,4446,2275,0,mp3,24k,1652.5755615234375,6156.25,5000.0,-1156.25
test-clean,2138,7127,75947,20,mp3,24k,1357.0213623046875,2156.25,2218.75,62.5
test-clean,438,1580,141084,50,mp3,24k,1753.053466796875,7125.0,5281.25,-1843.75
test-clean,2316,8230,279154,4,mp3,24k,1393.3369140625,1062.5,1062.5,0.0
test-clean,741,260,123288,7,mp3,24k,1495.8511962890625,1656.25,1625.0,-31.25
test-clean,848,2830,3980,51,mp3,24k,1377.3204345703125,1625.0,1593.75,-31.25
test-clean,2101,7127,75946,13,mp3,24k,1420.783935546875,3468.75,3500.0,31.25
test-clean,636,237,126133,22,mp3,24k,1456.6678466796875,2687.5,2687.5,0.0
test-clean,1548,5142,36377,17,mp3,16k,1169.4298095703125,4718.75,4656.25,-62.5
test-clean,1092,4077,13751,18,mp3,16k,2182.09814453125,3218.75,2875.0,-343.75
test-clean,882,2961,960,8,mp3,16k,1984.2193603515625,1750.0,1718.75,-31.25
test-clean,1107,4077,13754,11,mp3,16k,1953.4893798828125,5187.5,4781.25,-406.25
test-clean,2475,8463,294828,13,mp3,16k,1847.9403076171875,4281.25,3625.0,-656.25
test-clean,2450,8463,294825,8,mp3,16k,1799.5516357421875,4156.25,3906.25,-250.0
test-clean,1426,5105,28240,9,mp3,16k,2051.854248046875,3156.25,3062.5,-93.75
test-clean,2590,908,157963,27,mp3,16k,1964.237060546875,1656.25,1718.75,62.5
test-clean,2285,8224,274381,5,mp3,16k,2059.913330078125,1406.25,1000.0,-406.25
test-clean,1736,61,70968,55,mp3,16k,2088.54931640625,1312.5,1281.25,-31.25
test-clean,243,1284,1180,31,mp3,16k,2163.810791015625,1031.25,1031.25,0.0
test-clean,468,1995,1836,2,mp3,16k,2082.468994140625,906.25,906.25,0.0
test-clean,1715,61,70968,34,mp3,16k,2210.925537109375,2687.5,2625.0,-62.5
test-clean,101,1188,133604,37,mp3,16k,2100.418701171875,1218.75,1156.25,-62.5
test-clean,1636,5683,32866,12,mp3,16k,2046.0706787109375,1562.5,1531.25,-31.25
test-clean,371,1580,141083,37,mp3,16k,2056.0458984375,4125.0,3937.5,-187.5
test-clean,892,2961,960,18,mp3,16k,2018.882568359375,1656.25,1562.5,-93.75
test-clean,1887,6829,68769,27,mp3,16k,2237.7822265625,3718.75,2031.25,-1687.5
test-clean,428,1580,141084,40,mp3,16k,2103.305419921875,6312.5,4437.5,-1875.0
test-clean,1525,5142,33396,63,mp3,16k,1445.723388671875,3281.25,3187.5,-93.75
test-clean,151,121,127105,17,mp3,16k,2086.515380859375,6968.75,3937.5,-3031.25
test-clean,2382,8455,210777,26,mp3,16k,1921.551025390625,1468.75,1468.75,0.0
test-clean,68,1188,133604,4,mp3,16k,2198.94189453125,1125.0,1125.0,0.0
test-clean,1477,5142,33396,15,mp3,16k,1282.823486328125,4000.0,3812.5,-187.5
test-clean,2433,8463,287645,6,mp3,16k,2288.044189453125,1968.75,1843.75,-125.0
test-clean,865,2830,3980,68,mp3,16k,2154.05908203125,5687.5,1843.75,-3843.75
test-clean,2487,8463,294828,25,mp3,16k,1909.129150390625,4125.0,2500.0,-1625.0
test-clean,1233,4507,16021,12,mp3,16k,1989.4163818359375,937.5,937.5,0.0
test-clean,2476,8463,294828,14,mp3,16k,1933.50830078125,4343.75,3812.5,-531.25
test-clean,1893,6829,68769,33,mp3,16k,2124.0830078125,1562.5,1500.0,-62.5
test-clean,1393,4992,41806,5,mp3,16k,1911.6392822265625,1781.25,1718.75,-62.5
test-clean,386,1580,141083,52,mp3,16k,2281.894775390625,6437.5,3906.25,-2531.25
test-clean,2216,7176,92135,29,mp3,16k,2225.599365234375,937.5,937.5,0.0
test-clean,720,260,123286,18,mp3,16k,2155.083984375,1937.5,1593.75,-343.75
test-clean,1130,4446,2271,17,mp3,16k,1717.701171875,1093.75,1062.5,-31.25
test-clean,705,260,123286,3,mp3,16k,1985.0516357421875,3781.25,2406.25,-1375.0
test-clean,2352,8230,279154,40,mp3,16k,2024.4365234375,1093.75,1062.5,-31.25
test-clean,1215,4446,2275,40,mp3,16k,2290.889892578125,6968.75,5062.5,-1906.25
test-clean,217,1284,1180,5,mp3,16k,1944.064208984375,968.75,937.5,-31.25
test-clean,431,1580,141084,43,mp3,16k,2120.9501953125,6406.25,5468.75,-937.5
test-clean,952,3570,5695,9,mp3,16k,1841.689697265625,2562.5,2218.75,-343.75
test-clean,2242,7729,102255,9,mp3,16k,1959.0557861328125,1500.0,1468.75,-31.25
test-clean,680,237,134500,21,mp3,16k,2150.054931640625,2093.75,2031.25,-62.5
test-clean,1646,5683,32866,22,mp3,16k,2081.090576171875,3375.0,2937.5,-437.5
test-clean,1881,6829,68769,21,mp3,16k,2161.7021484375,2093.75,1593.75,-500.0
test-clean,1730,61,70968,49,mp3,16k,2122.36669921875,2125.0,1781.25,-343.75
test-clean,2262,7729,102255,29,mp3,16k,1999.4349365234375,1812.5,1687.5,-125.0
test-clean,2148,7127,75947,30,mp3,16k,2055.93994140625,3875.0,3687.5,-187.5
test-clean,1162,4446,2273,24,mp3,16k,2128.45849609375,6031.25,3656.25,-2375.0
test-clean,1238,4507,16021,17,mp3,16k,2140.871337890625,843.75,843.75,0.0
test-clean,2481,8463,294828,19,mp3,16k,1883.1370849609375,4718.75,4500.0,-218.75
test-clean,177,1221,135766,6,mp3,16k,2308.512939453125,7156.25,2968.75,-4187.5
test-clean,2260,7729,102255,27,mp3,16k,2062.3935546875,2093.75,1875.0,-218.75
test-clean,2169,7176,88083,10,mp3,16k,2089.82080078125,1218.75,1187.5,-31.25
test-clean,1686,61,70968,5,mp3,16k,2135.267822265625,5218.75,5093.75,-125.0
test-clean,1437,5105,28240,20,mp3,16k,2103.130859375,2781.25,2843.75,62.5
test-clean,1984,6930,76324,12,mp3,16k,1813.0933837890625,4375.0,4281.25,-93.75
test-clean,664,237,134500,5,mp3,16k,1986.2266845703125,1406.25,1406.25,0.0
test-clean,2293,8224,274381,13,mp3,16k,1970.318359375,687.5,562.5,-125.0
test-clean,372,1580,141083,38,mp3,16k,2245.073974609375,7406.25,4468.75,-2937.5
test-clean,609,2300,131720,37,mp3,16k,1768.1697998046875,843.75,906.25,62.5
test-clean,1718,61,70968,37,mp3,16k,2005.0233154296875,2000.0,1937.5,-62.5
test-clean,1164,4446,2273,26,mp3,16k,2089.95556640625,3218.75,2906.25,-312.5
test-clean,376,1580,141083,42,mp3,16k,2158.264404296875,3062.5,2968.75,-93.75
test-clean,1539,5142,36377,8,mp3,16k,1278.7471923828125,4500.0,4281.25,-218.75
test-clean,1829,672,122797,44,mp3,16k,2085.884033203125,4000.0,3687.5,-312.5
test-clean,453,1995,1826,14,mp3,16k,2058.7119140625,1406.25,1406.25,0.0
test-clean,1877,6829,68769,17,mp3,16k,2198.675048828125,1750.0,1500.0,-250.0
test-clean,1941,6829,68771,27,mp3,16k,2261.53076171875,2531.25,2125.0,-406.25
test-clean,1150,4446,2273,12,mp3,16k,2211.520751953125,6000.0,3156.25,-2843.75
test-clean,1419,5105,28240,2,mp3,16k,2134.306884765625,3062.5,2625.0,-437.5
test-clean,1173,4446,2273,35,mp3,16k,2233.6513671875,6312.5,3906.25,-2406.25
test-clean,1629,5683,32866,5,mp3,16k,1957.3170166015625,2812.5,2593.75,-218.75
test-clean,212,1284,1180,0,mp3,16k,1916.5889892578125,843.75,843.75,0.0
test-clean,2290,8224,274381,10,mp3,16k,2057.717529296875,1406.25,1187.5,-218.75
test-clean,1446,5105,28241,4,mp3,16k,1999.5384521484375,3281.25,2718.75,-562.5
test-clean,2508,8555,284447,7,mp3,16k,1768.9786376953125,812.5,812.5,0.0
test-clean,162,121,127105,28,mp3,16k,1845.1551513671875,3437.5,2687.5,-750.0
test-clean,471,1995,1836,5,mp3,16k,2018.95947265625,937.5,906.25,-31.25
test-clean,890,2961,960,16,mp3,16k,2118.850341796875,3000.0,2718.75,-281.25
test-clean,31,1089,134686,31,mp3,16k,1909.68115234375,1281.25,1281.25,0.0
test-clean,628,237,126133,14,mp3,16k,2024.958984375,2406.25,2375.0,-31.25
test-clean,1663,5683,32879,8,mp3,16k,2178.9794921875,6125.0,1437.5,-4687.5
test-clean,267,1284,134647,0,mp3,16k,1917.9766845703125,937.5,937.5,0.0
test-clean,2001,6930,81414,0,mp3,16k,1784.1300048828125,4812.5,4687.5,-125.0
test-clean,2103,7127,75946,15,mp3,16k,2026.542724609375,3718.75,3656.25,-62.5
test-clean,1248,4507,16021,27,mp3,16k,1939.600830078125,656.25,656.25,0.0
test-clean,1252,4507,16021,31,mp3,16k,2130.78076171875,1562.5,937.5,-625.0
test-clean,305,1320,122617,13,mp3,16k,1779.8406982421875,1406.25,1375.0,-31.25
test-clean,2333,8230,279154,21,mp3,16k,1953.7979736328125,812.5,750.0,-62.5
test-clean,72,1188,133604,8,mp3,16k,2198.73388671875,1250.0,1218.75,-31.25
test-clean,2145,7127,75947,27,mp3,16k,1992.310791015625,3312.5,2875.0,-437.5
test-clean,1175,4446,2275,0,mp3,16k,2108.710205078125,6156.25,4843.75,-1312.5
test-clean,2138,7127,75947,20,mp3,16k,2017.8505859375,2156.25,2218.75,62.5
test-clean,438,1580,141084,50,mp3,16k,2221.6162109375,7125.0,5187.5,-1937.5
test-clean,2316,8230,279154,4,mp3,16k,2016.5670166015625,1062.5,1062.5,0.0
test-clean,741,260,123288,7,mp3,16k,2069.456298828125,1656.25,1625.0,-31.25
test-clean,848,2830,3980,51,mp3,16k,2074.858642578125,1625.0,1500.0,-125.0
test-clean,2101,7127,75946,13,mp3,16k,1949.807373046875,3468.75,3406.25,-62.5
test-clean,636,237,126133,22,mp3,16k,2009.65576171875,2687.5,2687.5,0.0
test-clean,1548,5142,36377,17,opus,64k,34.85285186767578,4718.75,4750.0,31.25
test-clean,1092,4077,13751,18,opus,64k,6.728786945343018,3218.75,3156.25,-62.5
test-clean,882,2961,960,8,opus,64k,6.4936089515686035,1750.0,1718.75,-31.25
test-clean,1107,4077,13754,11,opus,64k,5.940389633178711,5187.5,5187.5,0.0
test-clean,2475,8463,294828,13,opus,64k,8.3114652633667,4281.25,4250.0,-31.25
test-clean,2450,8463,294825,8,opus,64k,9.050692558288574,4156.25,4156.25,0.0
test-clean,1426,5105,28240,9,opus,64k,5.1165313720703125,3156.25,3156.25,0.0
test-clean,2590,908,157963,27,opus,64k,5.38896369934082,1656.25,1656.25,0.0
test-clean,2285,8224,274381,5,opus,64k,6.139577388763428,1406.25,1312.5,-93.75
test-clean,1736,61,70968,55,opus,64k,4.673849582672119,1312.5,1281.25,-31.25
test-clean,243,1284,1180,31,opus,64k,7.588023662567139,1031.25,1031.25,0.0
test-clean,468,1995,1836,2,opus,64k,8.989090919494629,906.25,906.25,0.0
test-clean,1715,61,70968,34,opus,64k,5.8785505294799805,2687.5,2687.5,0.0
test-clean,101,1188,133604,37,opus,64k,5.326299667358398,1218.75,1187.5,-31.25
test-clean,1636,5683,32866,12,opus,64k,6.909413814544678,1562.5,1531.25,-31.25
test-clean,371,1580,141083,37,opus,64k,6.82459831237793,4125.0,4031.25,-93.75
test-clean,892,2961,960,18,opus,64k,6.6770148277282715,1656.25,1656.25,0.0
test-clean,1887,6829,68769,27,opus,64k,5.54286527633667,3718.75,3656.25,-62.5
test-clean,428,1580,141084,40,opus,64k,6.465231895446777,6312.5,5968.75,-343.75
test-clean,1525,5142,33396,63,opus,64k,7.323266983032227,3281.25,3281.25,0.0
test-clean,151,121,127105,17,opus,64k,6.813803195953369,6968.75,5625.0,-1343.75
test-clean,2382,8455,210777,26,opus,64k,5.933215618133545,1468.75,1468.75,0.0
test-clean,68,1188,133604,4,opus,64k,4.940616607666016,1125.0,1125.0,0.0
test-clean,1477,5142,33396,15,opus,64k,7.462487697601318,4000.0,4000.0,0.0
test-clean,2433,8463,287645,6,opus,64k,6.787118911743164,1968.75,1968.75,0.0
test-clean,865,2830,3980,68,opus,64k,6.500421524047852,5687.5,5500.0,-187.5
test-clean,2487,8463,294828,25,opus,64k,8.507461547851562,4125.0,4093.75,-31.25
test-clean,1233,4507,16021,12,opus,64k,7.964401721954346,937.5,937.5,0.0
test-clean,2476,8463,294828,14,opus,64k,9.205538749694824,4343.75,4343.75,0.0
test-clean,1893,6829,68769,33,opus,64k,5.51644229888916,1562.5,1531.25,-31.25
test-clean,1393,4992,41806,5,opus,64k,7.076464653015137,1781.25,1781.25,0.0
test-clean,386,1580,141083,52,opus,64k,7.324390411376953,6437.5,5750.0,-687.5
test-clean,2216,7176,92135,29,opus,64k,6.480799198150635,937.5,937.5,0.0
test-clean,720,260,123286,18,opus,64k,5.413478374481201,1937.5,1781.25,-156.25
test-clean,1130,4446,2271,17,opus,64k,6.9709391593933105,1093.75,1093.75,0.0
test-clean,705,260,123286,3,opus,64k,7.316641330718994,3781.25,3593.75,-187.5
test-clean,2352,8230,279154,40,opus,64k,4.485252857208252,1093.75,1093.75,0.0
test-clean,1215,4446,2275,40,opus,64k,7.754863739013672,6968.75,6406.25,-562.5
test-clean,217,1284,1180,5,opus,64k,6.957732200622559,968.75,968.75,0.0
test-clean,431,1580,141084,43,opus,64k,6.3124566078186035,6406.25,6250.0,-156.25
test-clean,952,3570,5695,9,opus,64k,10.50074577331543,2562.5,2531.25,-31.25
test-clean,2242,7729,102255,9,opus,64k,5.681005001068115,1500.0,1468.75,-31.25
test-clean,680,237,134500,21,opus,64k,6.4357733726501465,2093.75,2093.75,0.0
test-clean,1646,5683,32866,22,opus,64k,6.615766525268555,3375.0,3218.75,-156.25
test-clean,1881,6829,68769,21,opus,64k,5.288712024688721,2093.75,2031.25,-62.5
test-clean,1730,61,70968,49,opus,64k,4.53804874420166,2125.0,2093.75,-31.25
test-clean,2262,7729,102255,29,opus,64k,5.892760753631592,1812.5,1781.25,-31.25
test-clean,2148,7127,75947,30,opus,64k,7.015574932098389,3875.0,3875.0,0.0
test-clean,1162,4446,2273,24,opus,64k,6.1356401443481445,6031.25,5375.0,-656.25
test-clean,1238,4507,16021,17,opus,64k,7.9560136795043945,843.75,843.75,0.0
test-clean,2481,8463,294828,19,opus,64k,9.148862838745117,4718.75,4718.75,0.0
test-clean,177,1221,135766,6,opus,64k,6.388559818267822,7156.25,6312.5,-843.75
test-clean,2260,7729,102255,27,opus,64k,6.589117527008057,2093.75,2062.5,-31.25
test-clean,2169,7176,88083,10,opus,64k,5.016687393188477,1218.75,1218.75,0.0
test-clean,1686,61,70968,5,opus,64k,5.24472713470459,5218.75,5218.75,0.0
test-clean,1437,5105,28240,20,opus,64k,5.0442070960998535,2781.25,2781.25,0.0
test-clean,1984,6930,76324,12,opus,64k,5.842258453369141,4375.0,4375.0,0.0
test-clean,664,237,134500,5,opus,64k,5.336959362030029,1406.25,1406.25,0.0
test-clean,2293,8224,274381,13,opus,64k,6.612336158752441,687.5,656.25,-31.25
test-clean,372,1580,141083,38,opus,64k,6.689394474029541,7406.25,6812.5,-593.75
test-clean,609,2300,131720,37,opus,64k,5.119704246520996,843.75,843.75,0.0
test-clean,1718,61,70968,37,opus,64k,5.243210792541504,2000.0,2000.0,0.0
test-clean,1164,4446,2273,26,opus,64k,6.993503570556641,3218.75,3156.25,-62.5
test-clean,376,1580,141083,42,opus,64k,7.311380863189697,3062.5,3031.25,-31.25
test-clean,1539,5142,36377,8,opus,64k,9.61552619934082,4500.0,4500.0,0.0
test-clean,1829,672,122797,44,opus,64k,6.037643909454346,4000.0,3968.75,-31.25
test-clean,453,1995,1826,14,opus,64k,7.303867340087891,1406.25,1406.25,0.0
test-clean,1877,6829,68769,17,opus,64k,5.725939750671387,1750.0,1718.75,-31.25
test-clean,1941,6829,68771,27,opus,64k,6.263992786407471,2531.25,2500.0,-31.25
test-clean,1150,4446,2273,12,opus,64k,6.699152946472168,6000.0,5218.75,-781.25
test-clean,1419,5105,28240,2,opus,64k,4.579727649688721,3062.5,3000.0,-62.5
test-clean,1173,4446,2273,35,opus,64k,7.26471471786499,6312.5,5968.75,-343.75
test-clean,1629,5683,32866,5,opus,64k,6.519979000091553,2812.5,2781.25,-31.25
test-clean,212,1284,1180,0,opus,64k,6.868281364440918,843.75,843.75,0.0
test-clean,2290,8224,274381,10,opus,64k,6.2360944747924805,1406.25,1343.75,-62.5
test-clean,1446,5105,28241,4,opus,64k,11.528166770935059,3281.25,3250.0,-31.25
test-clean,2508,8555,284447,7,opus,64k,8.135814666748047,812.5,812.5,0.0
test-clean,162,121,127105,28,opus,64k,9.155378341674805,3437.5,3031.25,-406.25
test-clean,471,1995,1836,5,opus,64k,7.487860679626465,937.5,937.5,0.0
test-clean,890,2961,960,16,opus,64k,6.554464817047119,3000.0,2968.75,-31.25
test-clean,31,1089,134686,31,opus,64k,4.667562961578369,1281.25,1281.25,0.0
test-clean,628,237,126133,14,opus,64k,6.351657867431641,2406.25,2406.25,0.0
test-clean,1663,5683,32879,8,opus,64k,6.829554557800293,6125.0,6031.25,-93.75
test-clean,267,1284,134647,0,opus,64k,6.490575313568115,937.5,937.5,0.0
test-clean,2001,6930,81414,0,opus,64k,5.965909004211426,4812.5,4812.5,0.0
test-clean,2103,7127,75946,15,opus,64k,6.991719722747803,3718.75,3687.5,-31.25
test-clean,1248,4507,16021,27,opus,64k,7.799372673034668,656.25,656.25,0.0
test-clean,1252,4507,16021,31,opus,64k,7.75424337387085,1562.5,1031.25,-531.25
test-clean,305,1320,122617,13,opus,64k,5.87857723236084,1406.25,1406.25,0.0
test-clean,2333,8230,279154,21,opus,64k,4.6654229164123535,812.5,781.25,-31.25
test-clean,72,1188,133604,8,opus,64k,4.874121189117432,1250.0,1218.75,-31.25
test-clean,2145,7127,75947,27,opus,64k,6.612547874450684,3312.5,3312.5,0.0
test-clean,1175,4446,2275,0,opus,64k,7.218775272369385,6156.25,5687.5,-468.75
test-clean,2138,7127,75947,20,opus,64k,7.55504035949707,2156.25,2187.5,31.25
test-clean,438,1580,141084,50,opus,64k,6.303021430969238,7125.0,6593.75,-531.25
test-clean,2316,8230,279154,4,opus,64k,4.943009853363037,1062.5,1062.5,0.0
test-clean,741,260,123288,7,opus,64k,7.759152412414551,1656.25,1656.25,0.0
test-clean,848,2830,3980,51,opus,64k,6.254304885864258,1625.0,1625.0,0.0
test-clean,2101,7127,75946,13,opus,64k,7.394861221313477,3468.75,3468.75,0.0
test-clean,636,237,126133,22,opus,64k,5.878119468688965,2687.5,2687.5,0.0
test-clean,1548,5142,36377,17,opus,32k,269.97967529296875,4718.75,4625.0,-93.75
test-clean,1092,4077,13751,18,opus,32k,34.46343231201172,3218.75,2781.25,-437.5
test-clean,882,2961,960,8,opus,32k,37.265342712402344,1750.0,1625.0,-125.0
test-clean,1107,4077,13754,11,opus,32k,34.45358657836914,5187.5,4781.25,-406.25
test-clean,2475,8463,294828,13,opus,32k,32.53644561767578,4281.25,3968.75,-312.5
test-clean,2450,8463,294825,8,opus,32k,31.259794235229492,4156.25,3937.5,-218.75
test-clean,1426,5105,28240,9,opus,32k,33.85298538208008,3156.25,2843.75,-312.5
test-clean,2590,908,157963,27,opus,32k,34.873538970947266,1656.25,1531.25,-125.0
test-clean,2285,8224,274381,5,opus,32k,35.902191162109375,1406.25,968.75,-437.5
test-clean,1736,61,70968,55,opus,32k,34.8908805847168,1312.5,1218.75,-93.75
test-clean,243,1284,1180,31,opus,32k,33.8626823425293,1031.25,1000.0,-31.25
test-clean,468,1995,1836,2,opus,32k,36.253414154052734,906.25,906.25,0.0
test-clean,1715,61,70968,34,opus,32k,34.93486022949219,2687.5,2468.75,-218.75
test-clean,101,1188,133604,37,opus,32k,37.58259582519531,1218.75,1125.0,-93.75
test-clean,1636,5683,32866,12,opus,32k,37.68817901611328,1562.5,1500.0,-62.5
test-clean,371,1580,141083,37,opus,32k,36.497833251953125,4125.0,3875.0,-250.0
test-clean,892,2961,960,18,opus,32k,37.736026763916016,1656.25,1562.5,-93.75
test-clean,1887,6829,68769,27,opus,32k,35.595191955566406,3718.75,2312.5,-1406.25
test-clean,428,1580,141084,40,opus,32k,32.80461883544922,6312.5,4968.75,-1343.75
test-clean,1525,5142,33396,63,opus,32k,38.66783905029297,3281.25,3250.0,-31.25
test-clean,151,121,127105,17,opus,32k,45.13620376586914,6968.75,4218.75,-2750.0
test-clean,2382,8455,210777,26,opus,32k,36.77864456176758,1468.75,1468.75,0.0
test-clean,68,1188,133604,4,opus,32k,38.254520416259766,1125.0,1093.75,-31.25
test-clean,1477,5142,33396,15,opus,32k,37.65397262573242,4000.0,3968.75,-31.25
test-clean,2433,8463,287645,6,opus,32k,34.365848541259766,1968.75,1843.75,-125.0
test-clean,865,2830,3980,68,opus,32k,36.05801010131836,5687.5,2750.0,-2937.5
test-clean,2487,8463,294828,25,opus,32k,33.21628952026367,4125.0,3656.25,-468.75
test-clean,1233,4507,16021,12,opus,32k,38.156009674072266,937.5,937.5,0.0
test-clean,2476,8463,294828,14,opus,32k,31.423673629760742,4343.75,4093.75,-250.0
test-clean,1893,6829,68769,33,opus,32k,33.821136474609375,1562.5,1218.75,-343.75
test-clean,1393,4992,41806,5,opus,32k,39.74261474609375,1781.25,1625.0,-156.25
test-clean,386,1580,141083,52,opus,32k,34.84833908081055,6437.5,4218.75,-2218.75
test-clean,2216,7176,92135,29,opus,32k,36.069122314453125,937.5,906.25,-31.25
test-clean,720,260,123286,18,opus,32k,58.613704681396484,1937.5,1500.0,-437.5
test-clean,1130,4446,2271,17,opus,32k,36.06278991699219,1093.75,1031.25,-62.5
test-clean,705,260,123286,3,opus,32k,404.99969482421875,3781.25,1875.0,-1906.25
test-clean,2352,8230,279154,40,opus,32k,35.96087646484375,1093.75,1031.25,-62.5
test-clean,1215,4446,2275,40,opus,32k,33.595882415771484,6968.75,5656.25,-1312.5
test-clean,217,1284,1180,5,opus,32k,36.385162353515625,968.75,937.5,-31.25
test-clean,431,1580,141084,43,opus,32k,34.662750244140625,6406.25,5937.5,-468.75
test-clean,952,3570,5695,9,opus,32k,40.42619705200195,2562.5,1750.0,-812.5
test-clean,2242,7729,102255,9,opus,32k,38.11473846435547,1500.0,1375.0,-125.0
test-clean,680,237,134500,21,opus,32k,35.128849029541016,2093.75,1937.5,-156.25
test-clean,1646,5683,32866,22,opus,32k,38.045536041259766,3375.0,2906.25,-468.75
test-clean,1881,6829,68769,21,opus,32k,33.69133758544922,2093.75,1468.75,-625.0
test-clean,1730,61,70968,49,opus,32k,34.40052795410156,2125.0,1562.5,-562.5
test-clean,2262,7729,102255,29,opus,32k,37.50163269042969,1812.5,1625.0,-187.5
test-clean,2148,7127,75947,30,opus,32k,37.058387756347656,3875.0,3656.25,-218.75
test-clean,1162,4446,2273,24,opus,32k,32.89474105834961,6031.25,4000.0,-2031.25
test-clean,1238,4507,16021,17,opus,32k,35.226051330566406,843.75,843.75,0.0
test-clean,2481,8463,294828,19,opus,32k,33.255855560302734,4718.75,4593.75,-125.0
test-clean,177,1221,135766,6,opus,32k,33.969886779785156,7156.25,5437.5,-1718.75
test-clean,2260,7729,102255,27,opus,32k,39.414302825927734,2093.75,1656.25,-437.5
test-clean,2169,7176,88083,10,opus,32k,34.5362663269043,1218.75,1187.5,-31.25
test-clean,1686,61,70968,5,opus,32k,37.19949722290039,5218.75,4812.5,-406.25
test-clean,1437,5105,28240,20,opus,32k,37.28717803955078,2781.25,2781.25,0.0
test-clean,1984,6930,76324,12,opus,32k,36.503257751464844,4375.0,4218.75,-156.25
test-clean,664,237,134500,5,opus,32k,34.23601150512695,1406.25,1406.25,0.0
test-clean,2293,8224,274381,13,opus,32k,37.6523551940918,687.5,593.75,-93.75
test-clean,372,1580,141083,38,opus,32k,35.87687301635742,7406.25,5687.5,-1718.75
test-clean,609,2300,131720,37,opus,32k,94.813232421875,843.75,781.25,-62.5
test-clean,1718,61,70968,37,opus,32k,37.03059768676758,2000.0,1750.0,-250.0
test-clean,1164,4446,2273,26,opus,32k,34.422386169433594,3218.75,3000.0,-218.75
test-clean,376,1580,141083,42,opus,32k,35.84799575805664,3062.5,2843.75,-218.75
test-clean,1539,5142,36377,8,opus,32k,69.50233459472656,4500.0,4250.0,-250.0
test-clean,1829,672,122797,44,opus,32k,35.362640380859375,4000.0,3531.25,-468.75
test-clean,453,1995,1826,14,opus,32k,40.53224182128906,1406.25,1312.5,-93.75
test-clean,1877,6829,68769,17,opus,32k,33.052059173583984,1750.0,1406.25,-343.75
test-clean,1941,6829,68771,27,opus,32k,33.04849624633789,2531.25,2187.5,-343.75
test-clean,1150,4446,2273,12,opus,32k,34.7142448425293,6000.0,3750.0,-2250.0
test-clean,1419,5105,28240,2,opus,32k,33.64471435546875,3062.5,2562.5,-500.0
test-clean,1173,4446,2273,35,opus,32k,35.44232177734375,6312.5,4656.25,-1656.25
test-clean,1629,5683,32866,5,opus,32k,36.77351379394531,2812.5,2312.5,-500.0
test-clean,212,1284,1180,0,opus,32k,36.65081024169922,843.75,843.75,0.0
test-clean,2290,8224,274381,10,opus,32k,36.73255920410156,1406.25,1000.0,-406.25
test-clean,1446,5105,28241,4,opus,32k,40.76220703125,3281.25,2531.25,-750.0
test-clean,2508,8555,284447,7,opus,32k,40.306175231933594,812.5,781.25,-31.25
test-clean,162,121,127105,28,opus,32k,452.677001953125,3437.5,2656.25,-781.25
test-clean,471,1995,1836,5,opus,32k,34.081172943115234,937.5,875.0,-62.5
test-clean,890,2961,960,16,opus,32k,38.11357498168945,3000.0,2593.75,-406.25
test-clean,31,1089,134686,31,opus,32k,32.84423065185547,1281.25,1218.75,-62.5
test-clean,628,237,126133,14,opus,32k,33.179168701171875,2406.25,2343.75,-62.5
test-clean,1663,5683,32879,8,opus,32k,39.202545166015625,6125.0,2343.75,-3781.25
test-clean,267,1284,134647,0,opus,32k,37.17234420776367,937.5,937.5,0.0
test-clean,2001,6930,81414,0,opus,32k,33.35350799560547,4812.5,4625.0,-187.5
test-clean,2103,7127,75946,15,opus,32k,36.10647964477539,3718.75,3593.75,-125.0
test-clean,1248,4507,16021,27,opus,32k,35.98977279663086,656.25,656.25,0.0
test-clean,1252,4507,16021,31,opus,32k,36.16120529174805,1562.5,937.5,-625.0
test-clean,305,1320,122617,13,opus,32k,36.12812423706055,1406.25,1062.5,-343.75
test-clean,2333,8230,279154,21,opus,32k,35.765201568603516,812.5,718.75,-93.75
test-clean,72,1188,133604,8,opus,32k,37.78158950805664,1250.0,1156.25,-93.75
test-clean,2145,7127,75947,27,opus,32k,34.57646560668945,3312.5,2718.75,-593.75
test-clean,1175,4446,2275,0,opus,32k,33.81535720825195,6156.25,5031.25,-1125.0
test-clean,2138,7127,75947,20,opus,32k,36.389915466308594,2156.25,1937.5,-218.75
test-clean,438,1580,141084,50,opus,32k,32.86854553222656,7125.0,5718.75,-1406.25
test-clean,2316,8230,279154,4,opus,32k,34.200740814208984,1062.5,1031.25,-31.25
test-clean,741,260,123288,7,opus,32k,66.59659576416016,1656.25,1531.25,-125.0
test-clean,848,2830,3980,51,opus,32k,35.11943435668945,1625.0,1406.25,-218.75
test-clean,2101,7127,75946,13,opus,32k,36.12232208251953,3468.75,3343.75,-125.0
test-clean,636,237,126133,22,opus,32k,34.302146911621094,2687.5,2656.25,-31.25
test-clean,1548,5142,36377,17,opus,16k,384.8414001464844,4718.75,4593.75,-125.0
test-clean,1092,4077,13751,18,opus,16k,52.995948791503906,3218.75,2781.25,-437.5
test-clean,882,2961,960,8,opus,16k,52.58245086669922,1750.0,1593.75,-156.25
test-clean,1107,4077,13754,11,opus,16k,51.956642150878906,5187.5,4843.75,-343.75
test-clean,2475,8463,294828,13,opus,16k,51.941776275634766,4281.25,3937.5,-343.75
test-clean,2450,8463,294825,8,opus,16k,50.738006591796875,4156.25,3937.5,-218.75
test-clean,1426,5105,28240,9,opus,16k,50.26084899902344,3156.25,2843.75,-312.5
test-clean,2590,908,157963,27,opus,16k,50.72758102416992,1656.25,1500.0,-156.25
test-clean,2285,8224,274381,5,opus,16k,53.55274963378906,1406.25,937.5,-468.75
test-clean,1736,61,70968,55,opus,16k,53.03963088989258,1312.5,1187.5,-125.0
test-clean,243,1284,1180,31,opus,16k,52.840675354003906,1031.25,1000.0,-31.25
test-clean,468,1995,1836,2,opus,16k,53.97785949707031,906.25,875.0,-31.25
test-clean,1715,61,70968,34,opus,16k,52.23774719238281,2687.5,2437.5,-250.0
test-clean,101,1188,133604,37,opus,16k,53.845951080322266,1218.75,1125.0,-93.75
test-clean,1636,5683,32866,12,opus,16k,53.29003143310547,1562.5,1500.0,-62.5
test-clean,371,1580,141083,37,opus,16k,55.94988250732422,4125.0,3875.0,-250.0
test-clean,892,2961,960,18,opus,16k,52.86569595336914,1656.25,1531.25,-125.0
test-clean,1887,6829,68769,27,opus,16k,54.16421127319336,3718.75,2468.75,-1250.0
test-clean,428,1580,141084,40,opus,16k,51.500099182128906,6312.5,5156.25,-1156.25
test-clean,1525,5142,33396,63,opus,16k,51.39173889160156,3281.25,3312.5,31.25
test-clean,151,121,127105,17,opus,16k,69.14305877685547,6968.75,4187.5,-2781.25
test-clean,2382,8455,210777,26,opus,16k,52.36967468261719,1468.75,1468.75,0.0
test-clean,68,1188,133604,4,opus,16k,54.72877502441406,1125.0,1093.75,-31.25
test-clean,1477,5142,33396,15,opus,16k,54.30177688598633,4000.0,3968.75,-31.25
test-clean,2433,8463,287645,6,opus,16k,52.32646179199219,1968.75,1843.75,-125.0
test-clean,865,2830,3980,68,opus,16k,54.433441162109375,5687.5,4812.5,-875.0
test-clean,2487,8463,294828,25,opus,16k,53.1041259765625,4125.0,3343.75,-781.25
test-clean,1233,4507,16021,12,opus,16k,55.03560256958008,937.5,937.5,0.0
test-clean,2476,8463,294828,14,opus,16k,51.07327651977539,4343.75,4000.0,-343.75
test-clean,1893,6829,68769,33,opus,16k,52.74711227416992,1562.5,1000.0,-562.5
test-clean,1393,4992,41806,5,opus,16k,53.190765380859375,1781.25,1468.75,-312.5
test-clean,386,1580,141083,52,opus,16k,55.247982025146484,6437.5,4562.5,-1875.0
test-clean,2216,7176,92135,29,opus,16k,52.87225341796875,937.5,906.25,-31.25
test-clean,720,260,123286,18,opus,16k,87.37364196777344,1937.5,1500.0,-437.5
test-clean,1130,4446,2271,17,opus,16k,50.67764663696289,1093.75,937.5,-156.25
test-clean,705,260,123286,3,opus,16k,417.8207702636719,3781.25,1875.0,-1906.25
test-clean,2352,8230,279154,40,opus,16k,51.588958740234375,1093.75,1031.25,-62.5
test-clean,1215,4446,2275,40,opus,16k,52.945350646972656,6968.75,5875.0,-1093.75
test-clean,217,1284,1180,5,opus,16k,53.735557556152344,968.75,906.25,-62.5
test-clean,431,1580,141084,43,opus,16k,52.486328125,6406.25,6062.5,-343.75
test-clean,952,3570,5695,9,opus,16k,55.498138427734375,2562.5,1656.25,-906.25
test-clean,2242,7729,102255,9,opus,16k,54.31877517700195,1500.0,1343.75,-156.25
test-clean,680,237,134500,21,opus,16k,53.36210632324219,2093.75,1906.25,-187.5
test-clean,1646,5683,32866,22,opus,16k,53.772945404052734,3375.0,3125.0,-250.0
test-clean,1881,6829,68769,21,opus,16k,52.71825408935547,2093.75,1406.25,-687.5
test-clean,1730,61,70968,49,opus,16k,52.112693786621094,2125.0,1468.75,-656.25
test-clean,2262,7729,102255,29,opus,16k,53.732025146484375,1812.5,1625.0,-187.5
test-clean,2148,7127,75947,30,opus,16k,51.755672454833984,3875.0,3625.0,-250.0
test-clean,1162,4446,2273,24,opus,16k,52.101104736328125,6031.25,4062.5,-1968.75
test-clean,1238,4507,16021,17,opus,16k,53.840110778808594,843.75,843.75,0.0
test-clean,2481,8463,294828,19,opus,16k,52.449951171875,4718.75,4593.75,-125.0
test-clean,177,1221,135766,6,opus,16k,52.65459060668945,7156.25,5687.5,-1468.75
test-clean,2260,7729,102255,27,opus,16k,54.14735412597656,2093.75,1593.75,-500.0
test-clean,2169,7176,88083,10,opus,16k,51.914310455322266,1218.75,1156.25,-62.5
test-clean,1686,61,70968,5,opus,16k,54.48149490356445,5218.75,5125.0,-93.75
test-clean,1437,5105,28240,20,opus,16k,53.46883773803711,2781.25,2781.25,0.0
test-clean,1984,6930,76324,12,opus,16k,52.9376106262207,4375.0,4281.25,-93.75
test-clean,664,237,134500,5,opus,16k,52.83613586425781,1406.25,1406.25,0.0
test-clean,2293,8224,274381,13,opus,16k,55.47964096069336,687.5,562.5,-125.0
test-clean,372,1580,141083,38,opus,16k,54.969783782958984,7406.25,6000.0,-1406.25
test-clean,609,2300,131720,37,opus,16k,215.551513671875,843.75,781.25,-62.5
test-clean,1718,61,70968,37,opus,16k,54.822994232177734,2000.0,1687.5,-312.5
test-clean,1164,4446,2273,26,opus,16k,53.2073860168457,3218.75,2968.75,-250.0
test-clean,376,1580,141083,42,opus,16k,54.67555236816406,3062.5,2781.25,-281.25
test-clean,1539,5142,36377,8,opus,16k,86.56974792480469,4500.0,4187.5,-312.5
test-clean,1829,672,122797,44,opus,16k,51.75980758666992,4000.0,3562.5,-437.5
test-clean,453,1995,1826,14,opus,16k,57.029075622558594,1406.25,1281.25,-125.0
test-clean,1877,6829,68769,17,opus,16k,52.53587341308594,1750.0,1375.0,-375.0
test-clean,1941,6829,68771,27,opus,16k,51.22048568725586,2531.25,2125.0,-406.25
test-clean,1150,4446,2273,12,opus,16k,52.24966049194336,6000.0,3718.75,-2281.25
test-clean,1419,5105,28240,2,opus,16k,50.811622619628906,3062.5,2562.5,-500.0
test-clean,1173,4446,2273,35,opus,16k,54.786865234375,6312.5,4750.0,-1562.5
test-clean,1629,5683,32866,5,opus,16k,52.00440979003906,2812.5,2125.0,-687.5
test-clean,212,1284,1180,0,opus,16k,53.578372955322266,843.75,812.5,-31.25
test-clean,2290,8224,274381,10,opus,16k,54.429718017578125,1406.25,1000.0,-406.25
test-clean,1446,5105,28241,4,opus,16k,56.80504608154297,3281.25,2468.75,-812.5
test-clean,2508,8555,284447,7,opus,16k,58.48379898071289,812.5,750.0,-62.5
test-clean,162,121,127105,28,opus,16k,948.167236328125,3437.5,2625.0,-812.5
test-clean,471,1995,1836,5,opus,16k,52.20891189575195,937.5,875.0,-62.5
test-clean,890,2961,960,16,opus,16k,54.351715087890625,3000.0,2500.0,-500.0
test-clean,31,1089,134686,31,opus,16k,49.919944763183594,1281.25,1218.75,-62.5
test-clean,628,237,126133,14,opus,16k,51.280128479003906,2406.25,2375.0,-31.25
test-clean,1663,5683,32879,8,opus,16k,54.59431838989258,6125.0,2656.25,-3468.75
test-clean,267,1284,134647,0,opus,16k,52.217742919921875,937.5,906.25,-31.25
test-clean,2001,6930,81414,0,opus,16k,49.1376953125,4812.5,4656.25,-156.25
test-clean,2103,7127,75946,15,opus,16k,51.815277099609375,3718.75,3562.5,-156.25
test-clean,1248,4507,16021,27,opus,16k,54.423851013183594,656.25,656.25,0.0
test-clean,1252,4507,16021,31,opus,16k,54.52465057373047,1562.5,843.75,-718.75
test-clean,305,1320,122617,13,opus,16k,50.965396881103516,1406.25,1062.5,-343.75
test-clean,2333,8230,279154,21,opus,16k,51.98462677001953,812.5,718.75,-93.75
test-clean,72,1188,133604,8,opus,16k,54.51521301269531,1250.0,1156.25,-93.75
test-clean,2145,7127,75947,27,opus,16k,51.35620880126953,3312.5,2625.0,-687.5
test-clean,1175,4446,2275,0,opus,16k,51.72602081298828,6156.25,5125.0,-1031.25
test-clean,2138,7127,75947,20,opus,16k,52.33424758911133,2156.25,1906.25,-250.0
test-clean,438,1580,141084,50,opus,16k,52.231163024902344,7125.0,6093.75,-1031.25
test-clean,2316,8230,279154,4,opus,16k,51.035186767578125,1062.5,1062.5,0.0
test-clean,741,260,123288,7,opus,16k,81.70731353759766,1656.25,1531.25,-125.0
test-clean,848,2830,3980,51,opus,16k,54.03117752075195,1625.0,1375.0,-250.0
test-clean,2101,7127,75946,13,opus,16k,52.29289627075195,3468.75,3281.25,-187.5
test-clean,636,237,126133,22,opus,16k,51.370521545410156,2687.5,2687.5,0.0
test-clean,1548,5142,36377,17,opus,12k,393.906005859375,4718.75,4625.0,-93.75
test-clean,1092,4077,13751,18,opus,12k,58.2706413269043,3218.75,2968.75,-250.0
test-clean,882,2961,960,8,opus,12k,56.821617126464844,1750.0,1593.75,-156.25
test-clean,1107,4077,13754,11,opus,12k,57.71446228027344,5187.5,5093.75,-93.75
test-clean,2475,8463,294828,13,opus,12k,58.95816421508789,4281.25,3937.5,-343.75
test-clean,2450,8463,294825,8,opus,12k,57.731658935546875,4156.25,4156.25,0.0
test-clean,1426,5105,28240,9,opus,12k,54.53318786621094,3156.25,3031.25,-125.0
test-clean,2590,908,157963,27,opus,12k,55.78803634643555,1656.25,1531.25,-125.0
test-clean,2285,8224,274381,5,opus,12k,58.957733154296875,1406.25,1187.5,-218.75
test-clean,1736,61,70968,55,opus,12k,55.932735443115234,1312.5,1250.0,-62.5
test-clean,243,1284,1180,31,opus,12k,58.934471130371094,1031.25,1031.25,0.0
test-clean,468,1995,1836,2,opus,12k,58.24312210083008,906.25,906.25,0.0
test-clean,1715,61,70968,34,opus,12k,56.44023513793945,2687.5,2562.5,-125.0
test-clean,101,1188,133604,37,opus,12k,59.02455139160156,1218.75,1125.0,-93.75
test-clean,1636,5683,32866,12,opus,12k,57.60901641845703,1562.5,1500.0,-62.5
test-clean,371,1580,141083,37,opus,12k,61.8508186340332,4125.0,3906.25,-218.75
test-clean,892,2961,960,18,opus,12k,56.33536911010742,1656.25,1562.5,-93.75
test-clean,1887,6829,68769,27,opus,12k,59.37100601196289,3718.75,2812.5,-906.25
test-clean,428,1580,141084,40,opus,12k,56.417354583740234,6312.5,5718.75,-593.75
test-clean,1525,5142,33396,63,opus,12k,56.08330154418945,3281.25,3312.5,31.25
test-clean,151,121,127105,17,opus,12k,76.4808120727539,6968.75,4625.0,-2343.75
test-clean,2382,8455,210777,26,opus,12k,56.10591125488281,1468.75,1468.75,0.0
test-clean,68,1188,133604,4,opus,12k,59.37168884277344,1125.0,1125.0,0.0
test-clean,1477,5142,33396,15,opus,12k,60.43867874145508,4000.0,4000.0,0.0
test-clean,2433,8463,287645,6,opus,12k,58.40939712524414,1968.75,1875.0,-93.75
test-clean,865,2830,3980,68,opus,12k,58.79312515258789,5687.5,5281.25,-406.25
test-clean,2487,8463,294828,25,opus,12k,60.8761100769043,4125.0,3562.5,-562.5
test-clean,1233,4507,16021,12,opus,12k,59.60691833496094,937.5,937.5,0.0
test-clean,2476,8463,294828,14,opus,12k,57.99899673461914,4343.75,4187.5,-156.25
test-clean,1893,6829,68769,33,opus,12k,57.732906341552734,1562.5,1156.25,-406.25
test-clean,1393,4992,41806,5,opus,12k,59.263240814208984,1781.25,1687.5,-93.75
test-clean,386,1580,141083,52,opus,12k,60.74913787841797,6437.5,5406.25,-1031.25
test-clean,2216,7176,92135,29,opus,12k,58.961212158203125,937.5,906.25,-31.25
test-clean,720,260,123286,18,opus,12k,91.388427734375,1937.5,1593.75,-343.75
test-clean,1130,4446,2271,17,opus,12k,56.11122131347656,1093.75,968.75,-125.0
test-clean,705,260,123286,3,opus,12k,421.6285095214844,3781.25,3125.0,-656.25
test-clean,2352,8230,279154,40,opus,12k,56.33564758300781,1093.75,1062.5,-31.25
test-clean,1215,4446,2275,40,opus,12k,57.53464889526367,6968.75,6281.25,-687.5
test-clean,217,1284,1180,5,opus,12k,59.49232482910156,968.75,906.25,-62.5
test-clean,431,1580,141084,43,opus,12k,56.86056900024414,6406.25,6156.25,-250.0
test-clean,952,3570,5695,9,opus,12k,59.25515365600586,2562.5,1656.25,-906.25
test-clean,2242,7729,102255,9,opus,12k,59.651493072509766,1500.0,1406.25,-93.75
test-clean,680,237,134500,21,opus,12k,56.94036865234375,2093.75,1906.25,-187.5
test-clean,1646,5683,32866,22,opus,12k,58.14347457885742,3375.0,2968.75,-406.25
test-clean,1881,6829,68769,21,opus,12k,57.88290023803711,2093.75,1687.5,-406.25
test-clean,1730,61,70968,49,opus,12k,56.72068405151367,2125.0,1531.25,-593.75
test-clean,2262,7729,102255,29,opus,12k,58.67549133300781,1812.5,1687.5,-125.0
test-clean,2148,7127,75947,30,opus,12k,54.708648681640625,3875.0,3750.0,-125.0
test-clean,1162,4446,2273,24,opus,12k,57.337459564208984,6031.25,5187.5,-843.75
test-clean,1238,4507,16021,17,opus,12k,59.42502212524414,843.75,843.75,0.0
test-clean,2481,8463,294828,19,opus,12k,59.952545166015625,4718.75,4687.5,-31.25
test-clean,177,1221,135766,6,opus,12k,57.145347595214844,7156.25,6093.75,-1062.5
test-clean,2260,7729,102255,27,opus,12k,58.404354095458984,2093.75,1968.75,-125.0
test-clean,2169,7176,88083,10,opus,12k,57.40348815917969,1218.75,1125.0,-93.75
test-clean,1686,61,70968,5,opus,12k,58.221134185791016,5218.75,5156.25,-62.5
test-clean,1437,5105,28240,20,opus,12k,57.0917854309082,2781.25,2750.0,-31.25
test-clean,1984,6930,76324,12,opus,12k,59.03147888183594,4375.0,4406.25,31.25
test-clean,664,237,134500,5,opus,12k,56.70534896850586,1406.25,1406.25,0.0
test-clean,2293,8224,274381,13,opus,12k,61.1205940246582,687.5,625.0,-62.5
test-clean,372,1580,141083,38,opus,12k,60.48625183105469,7406.25,6437.5,-968.75
test-clean,609,2300,131720,37,opus,12k,221.93157958984375,843.75,812.5,-31.25
test-clean,1718,61,70968,37,opus,12k,59.17441177368164,2000.0,1750.0,-250.0
test-clean,1164,4446,2273,26,opus,12k,59.74327850341797,3218.75,3000.0,-218.75
test-clean,376,1580,141083,42,opus,12k,59.32794952392578,3062.5,2750.0,-312.5
test-clean,1539,5142,36377,8,opus,12k,93.90982055664062,4500.0,4281.25,-218.75
test-clean,1829,672,122797,44,opus,12k,55.72866439819336,4000.0,3687.5,-312.5
test-clean,453,1995,1826,14,opus,12k,59.06581497192383,1406.25,1281.25,-125.0
test-clean,1877,6829,68769,17,opus,12k,57.55754470825195,1750.0,1500.0,-250.0
test-clean,1941,6829,68771,27,opus,12k,56.82576370239258,2531.25,2218.75,-312.5
test-clean,1150,4446,2273,12,opus,12k,57.42196273803711,6000.0,4000.0,-2000.0
test-clean,1419,5105,28240,2,opus,12k,55.04388427734375,3062.5,2625.0,-437.5
test-clean,1173,4446,2273,35,opus,12k,59.301334381103516,6312.5,5593.75,-718.75
test-clean,1629,5683,32866,5,opus,12k,57.272396087646484,2812.5,2312.5,-500.0
test-clean,212,1284,1180,0,opus,12k,59.24714279174805,843.75,812.5,-31.25
test-clean,2290,8224,274381,10,opus,12k,59.25823211669922,1406.25,1218.75,-187.5
test-clean,1446,5105,28241,4,opus,12k,60.392608642578125,3281.25,2656.25,-625.0
test-clean,2508,8555,284447,7,opus,12k,63.37168884277344,812.5,750.0,-62.5
test-clean,162,121,127105,28,opus,12k,955.10595703125,3437.5,2687.5,-750.0
test-clean,471,1995,1836,5,opus,12k,58.06770324707031,937.5,875.0,-62.5
test-clean,890,2961,960,16,opus,12k,57.66950988769531,3000.0,2687.5,-312.5
test-clean,31,1089,134686,31,opus,12k,55.30545425415039,1281.25,1250.0,-31.25
test-clean,628,237,126133,14,opus,12k,56.26479721069336,2406.25,2437.5,31.25
test-clean,1663,5683,32879,8,opus,12k,59.07619094848633,6125.0,5343.75,-781.25
test-clean,267,1284,134647,0,opus,12k,56.83203887939453,937.5,906.25,-31.25
test-clean,2001,6930,81414,0,opus,12k,54.08894348144531,4812.5,4812.5,0.0
test-clean,2103,7127,75946,15,opus,12k,55.6150016784668,3718.75,3656.25,-62.5
test-clean,1248,4507,16021,27,opus,12k,58.577693939208984,656.25,656.25,0.0
test-clean,1252,4507,16021,31,opus,12k,59.044464111328125,1562.5,906.25,-656.25
test-clean,305,1320,122617,13,opus,12k,55.44232177734375,1406.25,1343.75,-62.5
test-clean,2333,8230,279154,21,opus,12k,57.80556106567383,812.5,718.75,-93.75
test-clean,72,1188,133604,8,opus,12k,59.166378021240234,1250.0,1187.5,-62.5
test-clean,2145,7127,75947,27,opus,12k,56.604305267333984,3312.5,2718.75,-593.75
test-clean,1175,4446,2275,0,opus,12k,56.89517593383789,6156.25,5531.25,-625.0
test-clean,2138,7127,75947,20,opus,12k,57.06270217895508,2156.25,1906.25,-250.0
test-clean,438,1580,141084,50,opus,12k,57.00163269042969,7125.0,6437.5,-687.5
test-clean,2316,8230,279154,4,opus,12k,55.7291374206543,1062.5,1062.5,0.0
test-clean,741,260,123288,7,opus,12k,86.00243377685547,1656.25,1593.75,-62.5
test-clean,848,2830,3980,51,opus,12k,58.63486099243164,1625.0,1406.25,-218.75
test-clean,2101,7127,75946,13,opus,12k,56.720298767089844,3468.75,3281.25,-187.5
test-clean,636,237,126133,22,opus,12k,55.162513732910156,2687.5,2687.5,0.0
test-clean,1548,5142,36377,17,opus,8k,1885.3079833984375,4718.75,3312.5,-1406.25
test-clean,1092,4077,13751,18,opus,8k,2748.60546875,3218.75,2156.25,-1062.5
test-clean,882,2961,960,8,opus,8k,2413.57568359375,1750.0,1500.0,-250.0
test-clean,1107,4077,13754,11,opus,8k,2512.226806640625,5187.5,3062.5,-2125.0
test-clean,2475,8463,294828,13,opus,8k,2496.159423828125,4281.25,2187.5,-2093.75
test-clean,2450,8463,294825,8,opus,8k,2305.900634765625,4156.25,2187.5,-1968.75
test-clean,1426,5105,28240,9,opus,8k,2326.349365234375,3156.25,2562.5,-593.75
test-clean,2590,908,157963,27,opus,8k,2267.580322265625,1656.25,1406.25,-250.0
test-clean,2285,8224,274381,5,opus,8k,2406.0380859375,1406.25,656.25,-750.0
test-clean,1736,61,70968,55,opus,8k,2402.786376953125,1312.5,1156.25,-156.25
test-clean,243,1284,1180,31,opus,8k,2536.74658203125,1031.25,937.5,-93.75
test-clean,468,1995,1836,2,opus,8k,2464.89501953125,906.25,875.0,-31.25
test-clean,1715,61,70968,34,opus,8k,2417.188720703125,2687.5,2031.25,-656.25
test-clean,101,1188,133604,37,opus,8k,2309.7861328125,1218.75,1093.75,-125.0
test-clean,1636,5683,32866,12,opus,8k,2359.59521484375,1562.5,1468.75,-93.75
test-clean,371,1580,141083,37,opus,8k,2602.17333984375,4125.0,3000.0,-1125.0
test-clean,892,2961,960,18,opus,8k,2242.6982421875,1656.25,1281.25,-375.0
test-clean,1887,6829,68769,27,opus,8k,2881.38671875,3718.75,906.25,-2812.5
test-clean,428,1580,141084,40,opus,8k,2756.9375,6312.5,2843.75,-3468.75
test-clean,1525,5142,33396,63,opus,8k,1863.1417236328125,3281.25,2875.0,-406.25
test-clean,151,121,127105,17,opus,8k,2621.863525390625,6968.75,2187.5,-4781.25
test-clean,2382,8455,210777,26,opus,8k,2087.48095703125,1468.75,1437.5,-31.25
test-clean,68,1188,133604,4,opus,8k,2270.253662109375,1125.0,1062.5,-62.5
test-clean,1477,5142,33396,15,opus,8k,1784.4219970703125,4000.0,3093.75,-906.25
test-clean,2433,8463,287645,6,opus,8k,2907.988525390625,1968.75,1781.25,-187.5
test-clean,865,2830,3980,68,opus,8k,2903.643310546875,5687.5,1468.75,-4218.75
test-clean,2487,8463,294828,25,opus,8k,2464.61669921875,4125.0,1843.75,-2281.25
test-clean,1233,4507,16021,12,opus,8k,2615.25390625,937.5,906.25,-31.25
test-clean,2476,8463,294828,14,opus,8k,2600.992431640625,4343.75,2343.75,-2000.0
test-clean,1893,6829,68769,33,opus,8k,2684.93505859375,1562.5,875.0,-687.5
test-clean,1393,4992,41806,5,opus,8k,2241.271728515625,1781.25,1281.25,-500.0
test-clean,386,1580,141083,52,opus,8k,2847.982666015625,6437.5,2468.75,-3968.75
test-clean,2216,7176,92135,29,opus,8k,2346.66064453125,937.5,875.0,-62.5
test-clean,720,260,123286,18,opus,8k,2567.76708984375,1937.5,1312.5,-625.0
test-clean,1130,4446,2271,17,opus,8k,1944.2322998046875,1093.75,875.0,-218.75
test-clean,705,260,123286,3,opus,8k,2620.97802734375,3781.25,1218.75,-2562.5
test-clean,2352,8230,279154,40,opus,8k,2363.690185546875,1093.75,968.75,-125.0
test-clean,1215,4446,2275,40,opus,8k,2866.497802734375,6968.75,2625.0,-4343.75
test-clean,217,1284,1180,5,opus,8k,2443.9501953125,968.75,843.75,-125.0
test-clean,431,1580,141084,43,opus,8k,2817.6162109375,6406.25,3625.0,-2781.25
test-clean,952,3570,5695,9,opus,8k,2352.267578125,2562.5,1437.5,-1125.0
test-clean,2242,7729,102255,9,opus,8k,2319.514404296875,1500.0,1187.5,-312.5
test-clean,680,237,134500,21,opus,8k,2600.0185546875,2093.75,1781.25,-312.5
test-clean,1646,5683,32866,22,opus,8k,2479.290771484375,3375.0,2125.0,-1250.0
test-clean,1881,6829,68769,21,opus,8k,2754.181640625,2093.75,875.0,-1218.75
test-clean,1730,61,70968,49,opus,8k,2444.94482421875,2125.0,1156.25,-968.75
test-clean,2262,7729,102255,29,opus,8k,2518.254150390625,1812.5,1562.5,-250.0
test-clean,2148,7127,75947,30,opus,8k,2401.181884765625,3875.0,2812.5,-1062.5
test-clean,1162,4446,2273,24,opus,8k,2487.927978515625,6031.25,2625.0,-3406.25
test-clean,1238,4507,16021,17,opus,8k,2887.681884765625,843.75,843.75,0.0
test-clean,2481,8463,294828,19,opus,8k,2517.08349609375,4718.75,3156.25,-1562.5
test-clean,177,1221,135766,6,opus,8k,3004.09912109375,7156.25,2343.75,-4812.5
test-clean,2260,7729,102255,27,opus,8k,2657.277587890625,2093.75,1218.75,-875.0
test-clean,2169,7176,88083,10,opus,8k,2261.833251953125,1218.75,1156.25,-62.5
test-clean,1686,61,70968,5,opus,8k,2619.32275390625,5218.75,1625.0,-3593.75
test-clean,1437,5105,28240,20,opus,8k,2553.3291015625,2781.25,2687.5,-93.75
test-clean,1984,6930,76324,12,opus,8k,2280.3935546875,4375.0,3562.5,-812.5
test-clean,664,237,134500,5,opus,8k,2299.041259765625,1406.25,1406.25,0.0
test-clean,2293,8224,274381,13,opus,8k,2366.357666015625,687.5,531.25,-156.25
test-clean,372,1580,141083,38,opus,8k,2813.27978515625,7406.25,2593.75,-4812.5
test-clean,609,2300,131720,37,opus,8k,2118.166015625,843.75,718.75,-125.0
test-clean,1718,61,70968,37,opus,8k,2522.064208984375,2000.0,1187.5,-812.5
test-clean,1164,4446,2273,26,opus,8k,2420.711181640625,3218.75,2406.25,-812.5
test-clean,376,1580,141083,42,opus,8k,2559.22705078125,3062.5,2062.5,-1000.0
test-clean,1539,5142,36377,8,opus,8k,1872.3447265625,4500.0,2906.25,-1593.75
test-clean,1829,672,122797,44,opus,8k,2533.33154296875,4000.0,2468.75,-1531.25
test-clean,453,1995,1826,14,opus,8k,2656.37255859375,1406.25,1281.25,-125.0
test-clean,1877,6829,68769,17,opus,8k,2682.276123046875,1750.0,1156.25,-593.75
test-clean,1941,6829,68771,27,opus,8k,2924.826416015625,2531.25,1656.25,-875.0
test-clean,1150,4446,2273,12,opus,8k,2766.08251953125,6000.0,2812.5,-3187.5
test-clean,1419,5105,28240,2,opus,8k,2366.15576171875,3062.5,2093.75,-968.75
test-clean,1173,4446,2273,35,opus,8k,2694.9873046875,6312.5,2593.75,-3718.75
test-clean,1629,5683,32866,5,opus,8k,2167.958740234375,2812.5,1625.0,-1187.5
test-clean,212,1284,1180,0,opus,8k,2384.468505859375,843.75,812.5,-31.25
test-clean,2290,8224,274381,10,opus,8k,2420.529052734375,1406.25,718.75,-687.5
test-clean,1446,5105,28241,4,opus,8k,2233.47265625,3281.25,1843.75,-1437.5
test-clean,2508,8555,284447,7,opus,8k,2269.882080078125,812.5,750.0,-62.5
test-clean,162,121,127105,28,opus,8k,2742.8955078125,3437.5,2187.5,-1250.0
test-clean,471,1995,1836,5,opus,8k,2453.144775390625,937.5,812.5,-125.0
test-clean,890,2961,960,16,opus,8k,2626.6513671875,3000.0,1593.75,-1406.25
test-clean,31,1089,134686,31,opus,8k,2177.893310546875,1281.25,1187.5,-93.75
test-clean,628,237,126133,14,opus,8k,2260.84619140625,2406.25,2187.5,-218.75
test-clean,1663,5683,32879,8,opus,8k,2466.41796875,6125.0,1187.5,-4937.5
test-clean,267,1284,134647,0,opus,8k,2219.547119140625,937.5,906.25,-31.25
test-clean,2001,6930,81414,0,opus,8k,2337.216796875,4812.5,3625.0,-1187.5
test-clean,2103,7127,75946,15,opus,8k,2381.53466796875,3718.75,2375.0,-1343.75
test-clean,1248,4507,16021,27,opus,8k,2603.90625,656.25,656.25,0.0
test-clean,1252,4507,16021,31,opus,8k,3027.67724609375,1562.5,781.25,-781.25
test-clean,305,1320,122617,13,opus,8k,2116.518798828125,1406.25,937.5,-468.75
test-clean,2333,8230,279154,21,opus,8k,2289.6298828125,812.5,656.25,-156.25
test-clean,72,1188,133604,8,opus,8k,2297.448486328125,1250.0,1125.0,-125.0
test-clean,2145,7127,75947,27,opus,8k,2282.79638671875,3312.5,2437.5,-875.0
test-clean,1175,4446,2275,0,opus,8k,2756.108154296875,6156.25,2906.25,-3250.0
test-clean,2138,7127,75947,20,opus,8k,2236.29443359375,2156.25,1687.5,-468.75
test-clean,438,1580,141084,50,opus,8k,3019.009033203125,7125.0,3031.25,-4093.75
test-clean,2316,8230,279154,4,opus,8k,2395.149658203125,1062.5,1000.0,-62.5
test-clean,741,260,123288,7,opus,8k,2402.968017578125,1656.25,1468.75,-187.5
test-clean,848,2830,3980,51,opus,8k,2579.287109375,1625.0,1250.0,-375.0
test-clean,2101,7127,75946,13,opus,8k,2221.832275390625,3468.75,2531.25,-937.5
test-clean,636,237,126133,22,opus,8k,2153.2841796875,2687.5,2656.25,-31.25
test-clean,1548,5142,36377,17,opus,6k,1854.9234619140625,4718.75,3406.25,-1312.5
test-clean,1092,4077,13751,18,opus,6k,2693.1015625,3218.75,2593.75,-625.0
test-clean,882,2961,960,8,opus,6k,2389.304443359375,1750.0,1531.25,-218.75
test-clean,1107,4077,13754,11,opus,6k,2464.85302734375,5187.5,3500.0,-1687.5
test-clean,2475,8463,294828,13,opus,6k,2454.4345703125,4281.25,2281.25,-2000.0
test-clean,2450,8463,294825,8,opus,6k,2276.381591796875,4156.25,2718.75,-1437.5
test-clean,1426,5105,28240,9,opus,6k,2274.163818359375,3156.25,2687.5,-468.75
test-clean,2590,908,157963,27,opus,6k,2251.152587890625,1656.25,1562.5,-93.75
test-clean,2285,8224,274381,5,opus,6k,2363.978515625,1406.25,750.0,-656.25
test-clean,1736,61,70968,55,opus,6k,2365.32763671875,1312.5,1187.5,-125.0
test-clean,243,1284,1180,31,opus,6k,2516.064208984375,1031.25,1093.75,62.5
test-clean,468,1995,1836,2,opus,6k,2431.627685546875,906.25,1562.5,656.25
test-clean,1715,61,70968,34,opus,6k,2352.27587890625,2687.5,2500.0,-187.5
test-clean,101,1188,133604,37,opus,6k,2279.36474609375,1218.75,1125.0,-93.75
test-clean,1636,5683,32866,12,opus,6k,2300.823974609375,1562.5,1500.0,-62.5
test-clean,371,1580,141083,37,opus,6k,2545.730224609375,4125.0,3250.0,-875.0
test-clean,892,2961,960,18,opus,6k,2217.212890625,1656.25,1375.0,-281.25
test-clean,1887,6829,68769,27,opus,6k,2807.4521484375,3718.75,1968.75,-1750.0
test-clean,428,1580,141084,40,opus,6k,2701.44384765625,6312.5,3062.5,-3250.0
test-clean,1525,5142,33396,63,opus,6k,1832.1064453125,3281.25,2843.75,-437.5
test-clean,151,121,127105,17,opus,6k,2596.369384765625,6968.75,2312.5,-4656.25
test-clean,2382,8455,210777,26,opus,6k,2050.418701171875,1468.75,1468.75,0.0
test-clean,68,1188,133604,4,opus,6k,2241.715576171875,1125.0,1093.75,-31.25
test-clean,1477,5142,33396,15,opus,6k,1754.047607421875,4000.0,3281.25,-718.75
test-clean,2433,8463,287645,6,opus,6k,2857.3662109375,1968.75,1781.25,-187.5
test-clean,865,2830,3980,68,opus,6k,2844.978271484375,5687.5,1593.75,-4093.75
test-clean,2487,8463,294828,25,opus,6k,2414.96435546875,4125.0,1906.25,-2218.75
test-clean,1233,4507,16021,12,opus,6k,2546.41552734375,937.5,968.75,31.25
test-clean,2476,8463,294828,14,opus,6k,2547.337646484375,4343.75,2406.25,-1937.5
test-clean,1893,6829,68769,33,opus,6k,2633.72998046875,1562.5,1125.0,-437.5
test-clean,1393,4992,41806,5,opus,6k,2174.412841796875,1781.25,1718.75,-62.5
test-clean,386,1580,141083,52,opus,6k,2808.963623046875,6437.5,2687.5,-3750.0
test-clean,2216,7176,92135,29,opus,6k,2315.96630859375,937.5,968.75,31.25
test-clean,720,260,123286,18,opus,6k,2506.58740234375,1937.5,1437.5,-500.0
test-clean,1130,4446,2271,17,opus,6k,1910.569091796875,1093.75,906.25,-187.5
test-clean,705,260,123286,3,opus,6k,2572.00634765625,3781.25,1500.0,-2281.25
test-clean,2352,8230,279154,40,opus,6k,2325.759521484375,1093.75,1031.25,-62.5
test-clean,1215,4446,2275,40,opus,6k,2817.634033203125,6968.75,2875.0,-4093.75
test-clean,217,1284,1180,5,opus,6k,2413.975341796875,968.75,875.0,-93.75
test-clean,431,1580,141084,43,opus,6k,2725.225341796875,6406.25,3750.0,-2656.25
test-clean,952,3570,5695,9,opus,6k,2312.84521484375,2562.5,1593.75,-968.75
test-clean,2242,7729,102255,9,opus,6k,2278.5830078125,1500.0,1250.0,-250.0
test-clean,680,237,134500,21,opus,6k,2528.960205078125,2093.75,2156.25,62.5
test-clean,1646,5683,32866,22,opus,6k,2403.765869140625,3375.0,2687.5,-687.5
test-clean,1881,6829,68769,21,opus,6k,2711.23046875,2093.75,1187.5,-906.25
test-clean,1730,61,70968,49,opus,6k,2402.040283203125,2125.0,1531.25,-593.75
test-clean,2262,7729,102255,29,opus,6k,2468.655029296875,1812.5,1687.5,-125.0
test-clean,2148,7127,75947,30,opus,6k,2342.6845703125,3875.0,3218.75,-656.25
test-clean,1162,4446,2273,24,opus,6k,2473.436279296875,6031.25,2718.75,-3312.5
test-clean,1238,4507,16021,17,opus,6k,2828.95263671875,843.75,812.5,-31.25
test-clean,2481,8463,294828,19,opus,6k,2488.754638671875,4718.75,3375.0,-1343.75
test-clean,177,1221,135766,6,opus,6k,2942.852783203125,7156.25,2593.75,-4562.5
test-clean,2260,7729,102255,27,opus,6k,2590.33935546875,2093.75,1500.0,-593.75
test-clean,2169,7176,88083,10,opus,6k,2242.397216796875,1218.75,1156.25,-62.5
test-clean,1686,61,70968,5,opus,6k,2571.193359375,5218.75,2375.0,-2843.75
test-clean,1437,5105,28240,20,opus,6k,2499.201171875,2781.25,2656.25,-125.0
test-clean,1984,6930,76324,12,opus,6k,2244.85400390625,4375.0,3625.0,-750.0
test-clean,664,237,134500,5,opus,6k,2235.998779296875,1406.25,1437.5,31.25
test-clean,2293,8224,274381,13,opus,6k,2318.08740234375,687.5,562.5,-125.0
test-clean,372,1580,141083,38,opus,6k,2767.552978515625,7406.25,2750.0,-4656.25
test-clean,609,2300,131720,37,opus,6k,2095.955078125,843.75,875.0,31.25
test-clean,1718,61,70968,37,opus,6k,2490.27880859375,2000.0,1562.5,-437.5
test-clean,1164,4446,2273,26,opus,6k,2372.241455078125,3218.75,2687.5,-531.25
test-clean,376,1580,141083,42,opus,6k,2499.010009765625,3062.5,2375.0,-687.5
test-clean,1539,5142,36377,8,opus,6k,1840.08642578125,4500.0,3000.0,-1500.0
test-clean,1829,672,122797,44,opus,6k,2490.906982421875,4000.0,2937.5,-1062.5
test-clean,453,1995,1826,14,opus,6k,2595.723388671875,1406.25,1312.5,-93.75
test-clean,1877,6829,68769,17,opus,6k,2634.1259765625,1750.0,1375.0,-375.0
test-clean,1941,6829,68771,27,opus,6k,2856.49755859375,2531.25,1812.5,-718.75
test-clean,1150,4446,2273,12,opus,6k,2730.087646484375,6000.0,2906.25,-3093.75
test-clean,1419,5105,28240,2,opus,6k,2343.73583984375,3062.5,2218.75,-843.75
test-clean,1173,4446,2273,35,opus,6k,2642.94091796875,6312.5,3218.75,-3093.75
test-clean,1629,5683,32866,5,opus,6k,2117.0,2812.5,2062.5,-750.0
test-clean,212,1284,1180,0,opus,6k,2340.888916015625,843.75,812.5,-31.25
test-clean,2290,8224,274381,10,opus,6k,2379.43310546875,1406.25,906.25,-500.0
test-clean,1446,5105,28241,4,opus,6k,2201.7138671875,3281.25,2062.5,-1218.75
test-clean,2508,8555,284447,7,opus,6k,2250.821533203125,812.5,750.0,-62.5
test-clean,162,121,127105,28,opus,6k,2740.639892578125,3437.5,2375.0,-1062.5
test-clean,471,1995,1836,5,opus,6k,2420.5322265625,937.5,875.0,-62.5
test-clean,890,2961,960,16,opus,6k,2575.486572265625,3000.0,1968.75,-1031.25
test-clean,31,1089,134686,31,opus,6k,2167.880859375,1281.25,1250.0,-31.25
test-clean,628,237,126133,14,opus,6k,2233.75830078125,2406.25,2375.0,-31.25
test-clean,1663,5683,32879,8,opus,6k,2424.69775390625,6125.0,1312.5,-4812.5
test-clean,267,1284,134647,0,opus,6k,2185.85498046875,937.5,937.5,0.0
test-clean,2001,6930,81414,0,opus,6k,2288.11669921875,4812.5,3750.0,-1062.5
test-clean,2103,7127,75946,15,opus,6k,2332.570068359375,3718.75,2718.75,-1000.0
test-clean,1248,4507,16021,27,opus,6k,2531.21923828125,656.25,656.25,0.0
test-clean,1252,4507,16021,31,opus,6k,2962.00830078125,1562.5,781.25,-781.25
test-clean,305,1320,122617,13,opus,6k,2080.46484375,1406.25,1343.75,-62.5
test-clean,2333,8230,279154,21,opus,6k,2255.832763671875,812.5,718.75,-93.75
test-clean,72,1188,133604,8,opus,6k,2266.594482421875,1250.0,1156.25,-93.75
test-clean,2145,7127,75947,27,opus,6k,2249.1162109375,3312.5,2500.0,-812.5
test-clean,1175,4446,2275,0,opus,6k,2697.822998046875,6156.25,3125.0,-3031.25
test-clean,2138,7127,75947,20,opus,6k,2205.725341796875,2156.25,1875.0,-281.25
test-clean,438,1580,141084,50,opus,6k,2976.790283203125,7125.0,3218.75,-3906.25
test-clean,2316,8230,279154,4,opus,6k,2364.6591796875,1062.5,1031.25,-31.25
test-clean,741,260,123288,7,opus,6k,2348.240234375,1656.25,1687.5,31.25
test-clean,848,2830,3980,51,opus,6k,2523.337158203125,1625.0,1437.5,-187.5
test-clean,2101,7127,75946,13,opus,6k,2185.781982421875,3468.75,2812.5,-656.25
test-clean,636,237,126133,22,opus,6k,2125.905029296875,2687.5,2656.25,-31.25
